"commodity_code","obs_date","alert_level","alert_name","crisis_index","triggers","사유"
"CO","2020-01-06","0","정상","32.26648532690453","nan","정상 — 위기지수·변동성·지정학 트리거 모두 임계 이하."
"CO","2020-01-13","0","정상","32.26648532690453","nan","정상 — 위기지수·변동성·지정학 트리거 모두 임계 이하."
"CO","2020-01-20","0","정상","32.26648532690453","nan","정상 — 위기지수·변동성·지정학 트리거 모두 임계 이하."
"CO","2020-01-27","0","정상","32.26648532690453","nan","정상 — 위기지수·변동성·지정학 트리거 모두 임계 이하."
"CO","2020-02-03","1","관심","34.772216295858286","nan","[CO · 관심(Blue)] 주요 생산국의 정세불안(테러·폭동 등으로 인한 생산차질 및 수출제한 우려) / 국제 핵심광물 시장의 가격 변동성 증가. (산출근거: 수급위기지수 35/100) 관련 이벤트: '콩고민주공화국(DRC)의동,코발트정광을수입했었으나,잠비아정부가수입원광에대해5%의관세를' (DRC, severity 0.60)"
"CO","2020-02-10","1","관심","34.772216295858286","nan","[CO · 관심(Blue)] 주요 생산국의 정세불안(테러·폭동 등으로 인한 생산차질 및 수출제한 우려) / 국제 핵심광물 시장의 가격 변동성 증가. (산출근거: 수급위기지수 35/100) 관련 이벤트: '콩고민주공화국(DRC)의동,코발트정광을수입했었으나,잠비아정부가수입원광에대해5%의관세를' (DRC, severity 0.60)"
"CO","2020-02-17","1","관심","34.772216295858286","nan","[CO · 관심(Blue)] 주요 생산국의 정세불안(테러·폭동 등으로 인한 생산차질 및 수출제한 우려) / 국제 핵심광물 시장의 가격 변동성 증가. (산출근거: 수급위기지수 35/100) 관련 이벤트: '콩고민주공화국(DRC)의동,코발트정광을수입했었으나,잠비아정부가수입원광에대해5%의관세를' (DRC, severity 0.60)"
"CO","2020-02-24","1","관심","34.772216295858286","nan","[CO · 관심(Blue)] 주요 생산국의 정세불안(테러·폭동 등으로 인한 생산차질 및 수출제한 우려) / 국제 핵심광물 시장의 가격 변동성 증가. (산출근거: 수급위기지수 35/100) 관련 이벤트: '콩고민주공화국(DRC)의동,코발트정광을수입했었으나,잠비아정부가수입원광에대해5%의관세를' (DRC, severity 0.60)"
"CO","2020-03-02","1","관심","28.317266201483704","nan","[CO · 관심(Blue)] 국제 핵심광물 시장의 가격 변동성 증가. (산출근거: 수급위기지수 28/100)"
"CO","2020-03-09","0","정상","28.317266201483704","nan","정상 — 위기지수·변동성·지정학 트리거 모두 임계 이하."
"CO","2020-03-16","0","정상","28.317266201483704","nan","정상 — 위기지수·변동성·지정학 트리거 모두 임계 이하."
"CO","2020-03-23","0","정상","28.317266201483704","nan","정상 — 위기지수·변동성·지정학 트리거 모두 임계 이하."
"CO","2020-03-30","0","정상","28.317266201483704","nan","정상 — 위기지수·변동성·지정학 트리거 모두 임계 이하."
"CO","2020-04-06","0","정상","26.315874144507163","nan","정상 — 위기지수·변동성·지정학 트리거 모두 임계 이하."
"CO","2020-04-13","0","정상","26.315874144507163","nan","정상 — 위기지수·변동성·지정학 트리거 모두 임계 이하."
"CO","2020-04-20","0","정상","26.315874144507163","nan","정상 — 위기지수·변동성·지정학 트리거 모두 임계 이하."
"CO","2020-04-27","0","정상","26.315874144507163","nan","정상 — 위기지수·변동성·지정학 트리거 모두 임계 이하."
"CO","2020-05-04","0","정상","26.524266694932265","nan","정상 — 위기지수·변동성·지정학 트리거 모두 임계 이하."
"CO","2020-05-11","0","정상","26.524266694932265","nan","정상 — 위기지수·변동성·지정학 트리거 모두 임계 이하."
"CO","2020-05-18","0","정상","26.524266694932265","nan","정상 — 위기지수·변동성·지정학 트리거 모두 임계 이하."
"CO","2020-05-25","0","정상","26.524266694932265","nan","정상 — 위기지수·변동성·지정학 트리거 모두 임계 이하."
"CO","2020-06-01","0","정상","26.006414708084577","nan","정상 — 위기지수·변동성·지정학 트리거 모두 임계 이하."
"CO","2020-06-08","0","정상","26.006414708084577","nan","정상 — 위기지수·변동성·지정학 트리거 모두 임계 이하."
"CO","2020-06-15","0","정상","26.006414708084577","nan","정상 — 위기지수·변동성·지정학 트리거 모두 임계 이하."
"CO","2020-06-22","0","정상","26.006414708084577","nan","정상 — 위기지수·변동성·지정학 트리거 모두 임계 이하."
"CO","2020-06-29","0","정상","26.006414708084577","nan","정상 — 위기지수·변동성·지정학 트리거 모두 임계 이하."
"CO","2020-07-06","0","정상","25.60422425561191","nan","정상 — 위기지수·변동성·지정학 트리거 모두 임계 이하."
"CO","2020-07-13","0","정상","25.60422425561191","nan","정상 — 위기지수·변동성·지정학 트리거 모두 임계 이하."
"CO","2020-07-20","0","정상","25.60422425561191","nan","정상 — 위기지수·변동성·지정학 트리거 모두 임계 이하."
"CO","2020-07-27","0","정상","25.60422425561191","nan","정상 — 위기지수·변동성·지정학 트리거 모두 임계 이하."
"CO","2020-08-03","1","관심","34.01401139142831","nan","[CO · 관심(Blue)] 국제 핵심광물 시장의 가격 변동성 증가. (산출근거: 수급위기지수 34/100) 관련 이벤트: '언급함. 최근전기차배터리에서분쟁광물인코발트비중을낮추기위해니켈함유율을확대시키는추세임' (severity 0.56)"
"CO","2020-08-10","1","관심","34.01401139142831","nan","[CO · 관심(Blue)] 국제 핵심광물 시장의 가격 변동성 증가. (산출근거: 수급위기지수 34/100) 관련 이벤트: '언급함. 최근전기차배터리에서분쟁광물인코발트비중을낮추기위해니켈함유율을확대시키는추세임' (severity 0.56)"
"CO","2020-08-17","1","관심","34.01401139142831","nan","[CO · 관심(Blue)] 국제 핵심광물 시장의 가격 변동성 증가. (산출근거: 수급위기지수 34/100) 관련 이벤트: '언급함. 최근전기차배터리에서분쟁광물인코발트비중을낮추기위해니켈함유율을확대시키는추세임' (severity 0.56)"
"CO","2020-08-24","1","관심","34.01401139142831","nan","[CO · 관심(Blue)] 국제 핵심광물 시장의 가격 변동성 증가. (산출근거: 수급위기지수 34/100) 관련 이벤트: '언급함. 최근전기차배터리에서분쟁광물인코발트비중을낮추기위해니켈함유율을확대시키는추세임' (severity 0.56)"
"CO","2020-08-31","1","관심","34.01401139142831","nan","[CO · 관심(Blue)] 국제 핵심광물 시장의 가격 변동성 증가. (산출근거: 수급위기지수 34/100) 관련 이벤트: '언급함. 최근전기차배터리에서분쟁광물인코발트비중을낮추기위해니켈함유율을확대시키는추세임' (severity 0.56)"
"CO","2020-09-07","1","관심","34.9987351419328","nan","[CO · 관심(Blue)] 국제 핵심광물 시장의 가격 변동성 증가. (산출근거: 수급위기지수 35/100)"
"CO","2020-09-14","1","관심","34.9987351419328","nan","[CO · 관심(Blue)] 국제 핵심광물 시장의 가격 변동성 증가. (산출근거: 수급위기지수 35/100)"
"CO","2020-09-21","1","관심","34.9987351419328","nan","[CO · 관심(Blue)] 국제 핵심광물 시장의 가격 변동성 증가. (산출근거: 수급위기지수 35/100)"
"CO","2020-09-28","1","관심","34.9987351419328","nan","[CO · 관심(Blue)] 국제 핵심광물 시장의 가격 변동성 증가. (산출근거: 수급위기지수 35/100)"
"CO","2020-10-05","1","관심","34.463340240281326","nan","[CO · 관심(Blue)] 국제 핵심광물 시장의 가격 변동성 증가. (산출근거: 수급위기지수 34/100)"
"CO","2020-10-12","1","관심","34.463340240281326","nan","[CO · 관심(Blue)] 국제 핵심광물 시장의 가격 변동성 증가. (산출근거: 수급위기지수 34/100)"
"CO","2020-10-19","1","관심","34.463340240281326","nan","[CO · 관심(Blue)] 국제 핵심광물 시장의 가격 변동성 증가. (산출근거: 수급위기지수 34/100)"
"CO","2020-10-26","1","관심","34.463340240281326","nan","[CO · 관심(Blue)] 국제 핵심광물 시장의 가격 변동성 증가. (산출근거: 수급위기지수 34/100)"
"CO","2020-11-02","1","관심","32.96287069604024","nan","[CO · 관심(Blue)] 국제 핵심광물 시장의 가격 변동성 증가. (산출근거: 수급위기지수 33/100)"
"CO","2020-11-09","1","관심","32.96287069604024","nan","[CO · 관심(Blue)] 국제 핵심광물 시장의 가격 변동성 증가. (산출근거: 수급위기지수 33/100)"
"CO","2020-11-16","1","관심","32.96287069604024","nan","[CO · 관심(Blue)] 국제 핵심광물 시장의 가격 변동성 증가. (산출근거: 수급위기지수 33/100)"
"CO","2020-11-23","1","관심","32.96287069604024","nan","[CO · 관심(Blue)] 국제 핵심광물 시장의 가격 변동성 증가. (산출근거: 수급위기지수 33/100)"
"CO","2020-11-30","1","관심","32.96287069604024","nan","[CO · 관심(Blue)] 국제 핵심광물 시장의 가격 변동성 증가. (산출근거: 수급위기지수 33/100)"
"CO","2020-12-07","1","관심","32.644609083803715","nan","[CO · 관심(Blue)] 국제 핵심광물 시장의 가격 변동성 증가. (산출근거: 수급위기지수 33/100)"
"CO","2020-12-14","0","정상","32.644609083803715","nan","정상 — 위기지수·변동성·지정학 트리거 모두 임계 이하."
"CO","2020-12-21","0","정상","32.644609083803715","nan","정상 — 위기지수·변동성·지정학 트리거 모두 임계 이하."
"CO","2020-12-28","0","정상","32.644609083803715","nan","정상 — 위기지수·변동성·지정학 트리거 모두 임계 이하."
"CO","2021-01-04","3","경계","37.08734677779608","수입편중極","[CO · 경계(Orange)] 국제 핵심광물 시장의 가격 변동성 급증 및 핵심광물 조달 일부 차질. (산출근거: 수급위기지수 37/100, 수입편중極)"
"CO","2021-01-11","3","경계","37.08734677779608","수입편중極","[CO · 경계(Orange)] 국제 핵심광물 시장의 가격 변동성 급증 및 핵심광물 조달 일부 차질. (산출근거: 수급위기지수 37/100, 수입편중極)"
"CO","2021-01-18","3","경계","37.08734677779608","수입편중極","[CO · 경계(Orange)] 국제 핵심광물 시장의 가격 변동성 급증 및 핵심광물 조달 일부 차질. (산출근거: 수급위기지수 37/100, 수입편중極)"
"CO","2021-01-25","3","경계","37.08734677779608","수입편중極","[CO · 경계(Orange)] 국제 핵심광물 시장의 가격 변동성 급증 및 핵심광물 조달 일부 차질. (산출근거: 수급위기지수 37/100, 수입편중極)"
"CO","2021-02-01","3","경계","56.29525277460726","수입편중極","[CO · 경계(Orange)] 국제 핵심광물 시장의 가격 변동성 급증 및 핵심광물 조달 일부 차질. (산출근거: 수급위기지수 56/100, 수입편중極)"
"CO","2021-02-08","3","경계","56.29525277460726","수입편중極","[CO · 경계(Orange)] 국제 핵심광물 시장의 가격 변동성 급증 및 핵심광물 조달 일부 차질. (산출근거: 수급위기지수 56/100, 수입편중極)"
"CO","2021-02-15","3","경계","56.29525277460726","수입편중極","[CO · 경계(Orange)] 국제 핵심광물 시장의 가격 변동성 급증 및 핵심광물 조달 일부 차질. (산출근거: 수급위기지수 56/100, 수입편중極)"
"CO","2021-02-22","3","경계","56.29525277460726","수입편중極","[CO · 경계(Orange)] 국제 핵심광물 시장의 가격 변동성 급증 및 핵심광물 조달 일부 차질. (산출근거: 수급위기지수 56/100, 수입편중極)"
"CO","2021-03-01","3","경계","66.13548542655104","수입편중極","[CO · 경계(Orange)] 국제 핵심광물 시장의 가격 변동성 급증 및 핵심광물 조달 일부 차질. (산출근거: 수급위기지수 66/100, 수입편중極)"
"CO","2021-03-08","3","경계","66.13548542655104","수입편중極","[CO · 경계(Orange)] 국제 핵심광물 시장의 가격 변동성 급증 및 핵심광물 조달 일부 차질. (산출근거: 수급위기지수 66/100, 수입편중極)"
"CO","2021-03-15","3","경계","66.13548542655104","수입편중極","[CO · 경계(Orange)] 국제 핵심광물 시장의 가격 변동성 급증 및 핵심광물 조달 일부 차질. (산출근거: 수급위기지수 66/100, 수입편중極)"
"CO","2021-03-22","3","경계","66.13548542655104","수입편중極","[CO · 경계(Orange)] 국제 핵심광물 시장의 가격 변동성 급증 및 핵심광물 조달 일부 차질. (산출근거: 수급위기지수 66/100, 수입편중極)"
"CO","2021-03-29","3","경계","66.13548542655104","수입편중極","[CO · 경계(Orange)] 국제 핵심광물 시장의 가격 변동성 급증 및 핵심광물 조달 일부 차질. (산출근거: 수급위기지수 66/100, 수입편중極)"
"CO","2021-04-05","3","경계","59.966920855747","수입편중極","[CO · 경계(Orange)] 국제 핵심광물 시장의 가격 변동성 급증 및 핵심광물 조달 일부 차질. (산출근거: 수급위기지수 60/100, 수입편중極)"
"CO","2021-04-12","3","경계","59.966920855747","수입편중極","[CO · 경계(Orange)] 국제 핵심광물 시장의 가격 변동성 급증 및 핵심광물 조달 일부 차질. (산출근거: 수급위기지수 60/100, 수입편중極)"
"CO","2021-04-19","3","경계","59.966920855747","수입편중極","[CO · 경계(Orange)] 국제 핵심광물 시장의 가격 변동성 급증 및 핵심광물 조달 일부 차질. (산출근거: 수급위기지수 60/100, 수입편중極)"
"CO","2021-04-26","3","경계","59.966920855747","수입편중極","[CO · 경계(Orange)] 국제 핵심광물 시장의 가격 변동성 급증 및 핵심광물 조달 일부 차질. (산출근거: 수급위기지수 60/100, 수입편중極)"
"CO","2021-05-03","3","경계","50.73032328648838","수입편중極","[CO · 경계(Orange)] 국제 핵심광물 시장의 가격 변동성 급증 및 핵심광물 조달 일부 차질. (산출근거: 수급위기지수 51/100, 수입편중極)"
"CO","2021-05-10","3","경계","50.73032328648838","수입편중極","[CO · 경계(Orange)] 국제 핵심광물 시장의 가격 변동성 급증 및 핵심광물 조달 일부 차질. (산출근거: 수급위기지수 51/100, 수입편중極)"
"CO","2021-05-17","3","경계","50.73032328648838","수입편중極","[CO · 경계(Orange)] 국제 핵심광물 시장의 가격 변동성 급증 및 핵심광물 조달 일부 차질. (산출근거: 수급위기지수 51/100, 수입편중極)"
"CO","2021-05-24","3","경계","50.73032328648838","수입편중極","[CO · 경계(Orange)] 국제 핵심광물 시장의 가격 변동성 급증 및 핵심광물 조달 일부 차질. (산출근거: 수급위기지수 51/100, 수입편중極)"
"CO","2021-05-31","3","경계","50.73032328648838","수입편중極","[CO · 경계(Orange)] 국제 핵심광물 시장의 가격 변동성 급증 및 핵심광물 조달 일부 차질. (산출근거: 수급위기지수 51/100, 수입편중極)"
"CO","2021-06-07","3","경계","50.39657071478924","수입편중極","[CO · 경계(Orange)] 저장·생산·공급 시설의 대형재난 발생 및 수송경로 일부 봉쇄로 인한 단기적 차질 / 국제 핵심광물 시장의 가격 변동성 급증 및 핵심광물 조달 일부 차질. (산출근거: 수급위기지수 50/100, 수입편중極) 관련 이벤트: '부터강행되었고,콩고민주공화국(DRC)의동,코발트정광수출금지조치가시행되면서공급차질이슈가상승압력을심화시킨' (DRC, severity 0.70)"
"CO","2021-06-14","3","경계","50.39657071478924","수입편중極","[CO · 경계(Orange)] 저장·생산·공급 시설의 대형재난 발생 및 수송경로 일부 봉쇄로 인한 단기적 차질 / 국제 핵심광물 시장의 가격 변동성 급증 및 핵심광물 조달 일부 차질. (산출근거: 수급위기지수 50/100, 수입편중極) 관련 이벤트: '부터강행되었고,콩고민주공화국(DRC)의동,코발트정광수출금지조치가시행되면서공급차질이슈가상승압력을심화시킨' (DRC, severity 0.70)"
"CO","2021-06-21","3","경계","50.39657071478924","수입편중極","[CO · 경계(Orange)] 저장·생산·공급 시설의 대형재난 발생 및 수송경로 일부 봉쇄로 인한 단기적 차질 / 국제 핵심광물 시장의 가격 변동성 급증 및 핵심광물 조달 일부 차질. (산출근거: 수급위기지수 50/100, 수입편중極) 관련 이벤트: '부터강행되었고,콩고민주공화국(DRC)의동,코발트정광수출금지조치가시행되면서공급차질이슈가상승압력을심화시킨' (DRC, severity 0.70)"
"CO","2021-06-28","3","경계","50.39657071478924","수입편중極","[CO · 경계(Orange)] 저장·생산·공급 시설의 대형재난 발생 및 수송경로 일부 봉쇄로 인한 단기적 차질 / 국제 핵심광물 시장의 가격 변동성 급증 및 핵심광물 조달 일부 차질. (산출근거: 수급위기지수 50/100, 수입편중極) 관련 이벤트: '부터강행되었고,콩고민주공화국(DRC)의동,코발트정광수출금지조치가시행되면서공급차질이슈가상승압력을심화시킨' (DRC, severity 0.70)"
"CO","2021-07-05","3","경계","65.25224318619301","수입편중極","[CO · 경계(Orange)] 국제 핵심광물 시장의 가격 변동성 급증 및 핵심광물 조달 일부 차질. (산출근거: 수급위기지수 65/100, 수입편중極) 관련 이벤트: '플랜트건설기간은9개월가량소요될전망이며,플랜트완공후당사의황산니켈생산캐파는연간7만톤,코발트' (severity 0.56)"
"CO","2021-07-12","3","경계","65.25224318619301","수입편중極","[CO · 경계(Orange)] 국제 핵심광물 시장의 가격 변동성 급증 및 핵심광물 조달 일부 차질. (산출근거: 수급위기지수 65/100, 수입편중極) 관련 이벤트: '플랜트건설기간은9개월가량소요될전망이며,플랜트완공후당사의황산니켈생산캐파는연간7만톤,코발트' (severity 0.56)"
"CO","2021-07-19","3","경계","65.25224318619301","수입편중極","[CO · 경계(Orange)] 국제 핵심광물 시장의 가격 변동성 급증 및 핵심광물 조달 일부 차질. (산출근거: 수급위기지수 65/100, 수입편중極) 관련 이벤트: '플랜트건설기간은9개월가량소요될전망이며,플랜트완공후당사의황산니켈생산캐파는연간7만톤,코발트' (severity 0.56)"
"CO","2021-07-26","3","경계","65.25224318619301","수입편중極","[CO · 경계(Orange)] 국제 핵심광물 시장의 가격 변동성 급증 및 핵심광물 조달 일부 차질. (산출근거: 수급위기지수 65/100, 수입편중極) 관련 이벤트: '플랜트건설기간은9개월가량소요될전망이며,플랜트완공후당사의황산니켈생산캐파는연간7만톤,코발트' (severity 0.56)"
"CO","2021-08-02","3","경계","65.51104030504246","수입편중極","[CO · 경계(Orange)] 주요 생산국의 정세불안 심화(전쟁발발, 주요시설 파괴, 추가 수출제한 등) / 국제 핵심광물 시장의 가격 변동성 급증 및 핵심광물 조달 일부 차질. (산출근거: 수급위기지수 66/100, 수입편중極) 관련 이벤트: 'Ÿ 중국관세청에따르면금년상반기중국의전기차배터리양극재NCM(니켈-코발트-망간)수출량은65,343톤으로' (중국, severity 0.60)"
"CO","2021-08-09","3","경계","65.51104030504246","수입편중極","[CO · 경계(Orange)] 주요 생산국의 정세불안 심화(전쟁발발, 주요시설 파괴, 추가 수출제한 등) / 국제 핵심광물 시장의 가격 변동성 급증 및 핵심광물 조달 일부 차질. (산출근거: 수급위기지수 66/100, 수입편중極) 관련 이벤트: 'Ÿ 중국관세청에따르면금년상반기중국의전기차배터리양극재NCM(니켈-코발트-망간)수출량은65,343톤으로' (중국, severity 0.60)"
"CO","2021-08-16","3","경계","65.51104030504246","수입편중極","[CO · 경계(Orange)] 주요 생산국의 정세불안 심화(전쟁발발, 주요시설 파괴, 추가 수출제한 등) / 국제 핵심광물 시장의 가격 변동성 급증 및 핵심광물 조달 일부 차질. (산출근거: 수급위기지수 66/100, 수입편중極) 관련 이벤트: 'Ÿ 중국관세청에따르면금년상반기중국의전기차배터리양극재NCM(니켈-코발트-망간)수출량은65,343톤으로' (중국, severity 0.60)"
"CO","2021-08-23","3","경계","65.51104030504246","수입편중極","[CO · 경계(Orange)] 주요 생산국의 정세불안 심화(전쟁발발, 주요시설 파괴, 추가 수출제한 등) / 국제 핵심광물 시장의 가격 변동성 급증 및 핵심광물 조달 일부 차질. (산출근거: 수급위기지수 66/100, 수입편중極) 관련 이벤트: 'Ÿ 중국관세청에따르면금년상반기중국의전기차배터리양극재NCM(니켈-코발트-망간)수출량은65,343톤으로' (중국, severity 0.60)"
"CO","2021-08-30","3","경계","65.51104030504246","수입편중極","[CO · 경계(Orange)] 주요 생산국의 정세불안 심화(전쟁발발, 주요시설 파괴, 추가 수출제한 등) / 국제 핵심광물 시장의 가격 변동성 급증 및 핵심광물 조달 일부 차질. (산출근거: 수급위기지수 66/100, 수입편중極) 관련 이벤트: 'Ÿ 중국관세청에따르면금년상반기중국의전기차배터리양극재NCM(니켈-코발트-망간)수출량은65,343톤으로' (중국, severity 0.60)"
"CO","2021-09-06","3","경계","65.5027018183481","수입편중極","[CO · 경계(Orange)] 국제 핵심광물 시장의 가격 변동성 급증 및 핵심광물 조달 일부 차질. (산출근거: 수급위기지수 66/100, 수입편중極)"
"CO","2021-09-13","3","경계","65.5027018183481","수입편중極","[CO · 경계(Orange)] 국제 핵심광물 시장의 가격 변동성 급증 및 핵심광물 조달 일부 차질. (산출근거: 수급위기지수 66/100, 수입편중極)"
"CO","2021-09-20","3","경계","65.5027018183481","수입편중極","[CO · 경계(Orange)] 국제 핵심광물 시장의 가격 변동성 급증 및 핵심광물 조달 일부 차질. (산출근거: 수급위기지수 66/100, 수입편중極)"
"CO","2021-09-27","3","경계","65.5027018183481","수입편중極","[CO · 경계(Orange)] 국제 핵심광물 시장의 가격 변동성 급증 및 핵심광물 조달 일부 차질. (산출근거: 수급위기지수 66/100, 수입편중極)"
"CO","2021-10-04","3","경계","71.49738376287439","수입편중極","[CO · 경계(Orange)] 국제 핵심광물 시장의 가격 변동성 급증 및 핵심광물 조달 일부 차질. (산출근거: 수급위기지수 71/100, 수입편중極)"
"CO","2021-10-11","3","경계","71.49738376287439","수입편중極","[CO · 경계(Orange)] 국제 핵심광물 시장의 가격 변동성 급증 및 핵심광물 조달 일부 차질. (산출근거: 수급위기지수 71/100, 수입편중極)"
"CO","2021-10-18","3","경계","71.49738376287439","수입편중極","[CO · 경계(Orange)] 국제 핵심광물 시장의 가격 변동성 급증 및 핵심광물 조달 일부 차질. (산출근거: 수급위기지수 71/100, 수입편중極)"
"CO","2021-10-25","3","경계","71.49738376287439","수입편중極","[CO · 경계(Orange)] 국제 핵심광물 시장의 가격 변동성 급증 및 핵심광물 조달 일부 차질. (산출근거: 수급위기지수 71/100, 수입편중極)"
"CO","2021-11-01","3","경계","79.47440516002683","수입편중極","[CO · 경계(Orange)] 국제 핵심광물 시장의 가격 변동성 급증 및 핵심광물 조달 일부 차질. (산출근거: 수급위기지수 79/100, 수입편중極)"
"CO","2021-11-08","3","경계","79.47440516002683","수입편중極","[CO · 경계(Orange)] 국제 핵심광물 시장의 가격 변동성 급증 및 핵심광물 조달 일부 차질. (산출근거: 수급위기지수 79/100, 수입편중極)"
"CO","2021-11-15","3","경계","79.47440516002683","수입편중極","[CO · 경계(Orange)] 국제 핵심광물 시장의 가격 변동성 급증 및 핵심광물 조달 일부 차질. (산출근거: 수급위기지수 79/100, 수입편중極)"
"CO","2021-11-22","3","경계","79.47440516002683","수입편중極","[CO · 경계(Orange)] 국제 핵심광물 시장의 가격 변동성 급증 및 핵심광물 조달 일부 차질. (산출근거: 수급위기지수 79/100, 수입편중極)"
"CO","2021-11-29","3","경계","79.47440516002683","수입편중極","[CO · 경계(Orange)] 국제 핵심광물 시장의 가격 변동성 급증 및 핵심광물 조달 일부 차질. (산출근거: 수급위기지수 79/100, 수입편중極)"
"CO","2021-12-06","3","경계","90.12722843297132","수입편중極","[CO · 경계(Orange)] 국제 핵심광물 시장의 가격 변동성 급증 및 핵심광물 조달 일부 차질. (산출근거: 수급위기지수 90/100, 수입편중極)"
"CO","2021-12-13","3","경계","90.12722843297132","수입편중極","[CO · 경계(Orange)] 국제 핵심광물 시장의 가격 변동성 급증 및 핵심광물 조달 일부 차질. (산출근거: 수급위기지수 90/100, 수입편중極)"
"CO","2021-12-20","3","경계","90.12722843297132","수입편중極","[CO · 경계(Orange)] 국제 핵심광물 시장의 가격 변동성 급증 및 핵심광물 조달 일부 차질. (산출근거: 수급위기지수 90/100, 수입편중極)"
"CO","2021-12-27","3","경계","90.12722843297132","수입편중極","[CO · 경계(Orange)] 국제 핵심광물 시장의 가격 변동성 급증 및 핵심광물 조달 일부 차질. (산출근거: 수급위기지수 90/100, 수입편중極)"
"CO","2022-01-03","3","경계","90.80896973612396","nan","[CO · 경계(Orange)] 국제 핵심광물 시장의 가격 변동성 급증 및 핵심광물 조달 일부 차질. (산출근거: 수급위기지수 91/100)"
"CO","2022-01-10","3","경계","90.80896973612396","nan","[CO · 경계(Orange)] 국제 핵심광물 시장의 가격 변동성 급증 및 핵심광물 조달 일부 차질. (산출근거: 수급위기지수 91/100)"
"CO","2022-01-17","3","경계","90.80896973612396","nan","[CO · 경계(Orange)] 국제 핵심광물 시장의 가격 변동성 급증 및 핵심광물 조달 일부 차질. (산출근거: 수급위기지수 91/100)"
"CO","2022-01-24","3","경계","90.80896973612396","nan","[CO · 경계(Orange)] 국제 핵심광물 시장의 가격 변동성 급증 및 핵심광물 조달 일부 차질. (산출근거: 수급위기지수 91/100)"
"CO","2022-01-31","3","경계","90.80896973612396","nan","[CO · 경계(Orange)] 국제 핵심광물 시장의 가격 변동성 급증 및 핵심광물 조달 일부 차질. (산출근거: 수급위기지수 91/100)"
"CO","2022-02-07","4","심각","91.7537070535152","nan","[CO · 심각(Red)] 국제 핵심광물 시장의 가격 변동성 급증 및 핵심광물 조달 전면 차질. (산출근거: 수급위기지수 92/100)"
"CO","2022-02-14","4","심각","91.7537070535152","nan","[CO · 심각(Red)] 국제 핵심광물 시장의 가격 변동성 급증 및 핵심광물 조달 전면 차질. (산출근거: 수급위기지수 92/100)"
"CO","2022-02-21","4","심각","91.7537070535152","nan","[CO · 심각(Red)] 국제 핵심광물 시장의 가격 변동성 급증 및 핵심광물 조달 전면 차질. (산출근거: 수급위기지수 92/100)"
"CO","2022-02-28","4","심각","91.7537070535152","nan","[CO · 심각(Red)] 국제 핵심광물 시장의 가격 변동성 급증 및 핵심광물 조달 전면 차질. (산출근거: 수급위기지수 92/100)"
"CO","2022-03-07","4","심각","96.30919986708786","nan","[CO · 심각(Red)] 국제 핵심광물 시장의 가격 변동성 급증 및 핵심광물 조달 전면 차질. (산출근거: 수급위기지수 96/100) 관련 이벤트: '상대적으로낮은제조비용과중국정부의NEV보조금삭감및니켈·코발트가격상승과맞물려빠르게성장하고' (중국, severity 0.40)"
"CO","2022-03-14","4","심각","96.30919986708786","nan","[CO · 심각(Red)] 국제 핵심광물 시장의 가격 변동성 급증 및 핵심광물 조달 전면 차질. (산출근거: 수급위기지수 96/100) 관련 이벤트: '상대적으로낮은제조비용과중국정부의NEV보조금삭감및니켈·코발트가격상승과맞물려빠르게성장하고' (중국, severity 0.40)"
"CO","2022-03-21","4","심각","96.30919986708786","nan","[CO · 심각(Red)] 국제 핵심광물 시장의 가격 변동성 급증 및 핵심광물 조달 전면 차질. (산출근거: 수급위기지수 96/100) 관련 이벤트: '상대적으로낮은제조비용과중국정부의NEV보조금삭감및니켈·코발트가격상승과맞물려빠르게성장하고' (중국, severity 0.40)"
"CO","2022-03-28","4","심각","96.30919986708786","nan","[CO · 심각(Red)] 국제 핵심광물 시장의 가격 변동성 급증 및 핵심광물 조달 전면 차질. (산출근거: 수급위기지수 96/100) 관련 이벤트: '상대적으로낮은제조비용과중국정부의NEV보조금삭감및니켈·코발트가격상승과맞물려빠르게성장하고' (중국, severity 0.40)"
"CO","2022-04-04","4","심각","96.08603075918148","nan","[CO · 심각(Red)] 국제 핵심광물 시장의 가격 변동성 급증 및 핵심광물 조달 전면 차질. (산출근거: 수급위기지수 96/100)"
"CO","2022-04-11","4","심각","96.08603075918148","nan","[CO · 심각(Red)] 국제 핵심광물 시장의 가격 변동성 급증 및 핵심광물 조달 전면 차질. (산출근거: 수급위기지수 96/100)"
"CO","2022-04-18","4","심각","96.08603075918148","nan","[CO · 심각(Red)] 국제 핵심광물 시장의 가격 변동성 급증 및 핵심광물 조달 전면 차질. (산출근거: 수급위기지수 96/100)"
"CO","2022-04-25","4","심각","96.08603075918148","nan","[CO · 심각(Red)] 국제 핵심광물 시장의 가격 변동성 급증 및 핵심광물 조달 전면 차질. (산출근거: 수급위기지수 96/100)"
"CO","2022-05-02","4","심각","94.759977719192","nan","[CO · 심각(Red)] 국제 핵심광물 시장의 가격 변동성 급증 및 핵심광물 조달 전면 차질. (산출근거: 수급위기지수 95/100)"
"CO","2022-05-09","4","심각","94.759977719192","nan","[CO · 심각(Red)] 국제 핵심광물 시장의 가격 변동성 급증 및 핵심광물 조달 전면 차질. (산출근거: 수급위기지수 95/100)"
"CO","2022-05-16","4","심각","94.759977719192","nan","[CO · 심각(Red)] 국제 핵심광물 시장의 가격 변동성 급증 및 핵심광물 조달 전면 차질. (산출근거: 수급위기지수 95/100)"
"CO","2022-05-23","4","심각","94.759977719192","nan","[CO · 심각(Red)] 국제 핵심광물 시장의 가격 변동성 급증 및 핵심광물 조달 전면 차질. (산출근거: 수급위기지수 95/100)"
"CO","2022-05-30","4","심각","94.759977719192","nan","[CO · 심각(Red)] 국제 핵심광물 시장의 가격 변동성 급증 및 핵심광물 조달 전면 차질. (산출근거: 수급위기지수 95/100)"
"CO","2022-06-06","4","심각","91.2578707573732","nan","[CO · 심각(Red)] 국제 핵심광물 시장의 가격 변동성 급증 및 핵심광물 조달 전면 차질. (산출근거: 수급위기지수 91/100)"
"CO","2022-06-13","3","경계","91.2578707573732","nan","[CO · 경계(Orange)] 국제 핵심광물 시장의 가격 변동성 급증 및 핵심광물 조달 일부 차질. (산출근거: 수급위기지수 91/100)"
"CO","2022-06-20","3","경계","91.2578707573732","nan","[CO · 경계(Orange)] 국제 핵심광물 시장의 가격 변동성 급증 및 핵심광물 조달 일부 차질. (산출근거: 수급위기지수 91/100)"
"CO","2022-06-27","3","경계","91.2578707573732","nan","[CO · 경계(Orange)] 국제 핵심광물 시장의 가격 변동성 급증 및 핵심광물 조달 일부 차질. (산출근거: 수급위기지수 91/100)"
"CO","2022-07-04","3","경계","71.92463753253186","nan","[CO · 경계(Orange)] 국제 핵심광물 시장의 가격 변동성 급증 및 핵심광물 조달 일부 차질. (산출근거: 수급위기지수 72/100)"
"CO","2022-07-11","3","경계","71.92463753253186","nan","[CO · 경계(Orange)] 국제 핵심광물 시장의 가격 변동성 급증 및 핵심광물 조달 일부 차질. (산출근거: 수급위기지수 72/100)"
"CO","2022-07-18","3","경계","71.92463753253186","변동성급증","[CO · 경계(Orange)] 국제 핵심광물 시장의 가격 변동성 급증 및 핵심광물 조달 일부 차질. (산출근거: 수급위기지수 72/100, 변동성급증)"
"CO","2022-07-25","3","경계","71.92463753253186","변동성급증","[CO · 경계(Orange)] 국제 핵심광물 시장의 가격 변동성 급증 및 핵심광물 조달 일부 차질. (산출근거: 수급위기지수 72/100, 변동성급증)"
"CO","2022-08-01","3","경계","59.009920710028936","변동성급증","[CO · 경계(Orange)] 국제 핵심광물 시장의 가격 변동성 급증 및 핵심광물 조달 일부 차질. (산출근거: 수급위기지수 59/100, 변동성급증)"
"CO","2022-08-08","1","관심","59.009920710028936","변동성급증","[CO · 관심(Blue)] 국제 핵심광물 시장의 가격 변동성 증가. (산출근거: 수급위기지수 59/100, 변동성급증)"
"CO","2022-08-15","1","관심","59.009920710028936","변동성급증","[CO · 관심(Blue)] 국제 핵심광물 시장의 가격 변동성 증가. (산출근거: 수급위기지수 59/100, 변동성급증)"
"CO","2022-08-22","1","관심","59.009920710028936","변동성급증","[CO · 관심(Blue)] 국제 핵심광물 시장의 가격 변동성 증가. (산출근거: 수급위기지수 59/100, 변동성급증)"
"CO","2022-08-29","1","관심","59.009920710028936","변동성급증","[CO · 관심(Blue)] 국제 핵심광물 시장의 가격 변동성 증가. (산출근거: 수급위기지수 59/100, 변동성급증)"
"CO","2022-09-05","2","주의","62.90615171626959","변동성급증","[CO · 주의(Yellow)] 국제 핵심광물 시장의 가격 변동성 급증. (산출근거: 수급위기지수 63/100, 변동성급증)"
"CO","2022-09-12","2","주의","62.90615171626959","변동성급증","[CO · 주의(Yellow)] 국제 핵심광물 시장의 가격 변동성 급증. (산출근거: 수급위기지수 63/100, 변동성급증)"
"CO","2022-09-19","2","주의","62.90615171626959","변동성급증","[CO · 주의(Yellow)] 국제 핵심광물 시장의 가격 변동성 급증. (산출근거: 수급위기지수 63/100, 변동성급증)"
"CO","2022-09-26","2","주의","62.90615171626959","변동성급증","[CO · 주의(Yellow)] 국제 핵심광물 시장의 가격 변동성 급증. (산출근거: 수급위기지수 63/100, 변동성급증)"
"CO","2022-10-03","2","주의","63.027860791665184","변동성급증","[CO · 주의(Yellow)] 국제 핵심광물 시장의 가격 변동성 급증. (산출근거: 수급위기지수 63/100, 변동성급증)"
"CO","2022-10-10","2","주의","63.027860791665184","nan","[CO · 주의(Yellow)] 국제 핵심광물 시장의 가격 변동성 급증. (산출근거: 수급위기지수 63/100)"
"CO","2022-10-17","2","주의","63.027860791665184","nan","[CO · 주의(Yellow)] 국제 핵심광물 시장의 가격 변동성 급증. (산출근거: 수급위기지수 63/100)"
"CO","2022-10-24","2","주의","63.027860791665184","nan","[CO · 주의(Yellow)] 국제 핵심광물 시장의 가격 변동성 급증. (산출근거: 수급위기지수 63/100)"
"CO","2022-10-31","2","주의","63.027860791665184","nan","[CO · 주의(Yellow)] 국제 핵심광물 시장의 가격 변동성 급증. (산출근거: 수급위기지수 63/100)"
"CO","2022-11-07","2","주의","63.4829134512023","nan","[CO · 주의(Yellow)] 국제 핵심광물 시장의 가격 변동성 급증. (산출근거: 수급위기지수 63/100)"
"CO","2022-11-14","2","주의","63.4829134512023","nan","[CO · 주의(Yellow)] 국제 핵심광물 시장의 가격 변동성 급증. (산출근거: 수급위기지수 63/100)"
"CO","2022-11-21","2","주의","63.4829134512023","nan","[CO · 주의(Yellow)] 국제 핵심광물 시장의 가격 변동성 급증. (산출근거: 수급위기지수 63/100)"
"CO","2022-11-28","2","주의","63.4829134512023","nan","[CO · 주의(Yellow)] 국제 핵심광물 시장의 가격 변동성 급증. (산출근거: 수급위기지수 63/100)"
"CO","2022-12-05","2","주의","63.79934296496811","nan","[CO · 주의(Yellow)] 국제 핵심광물 시장의 가격 변동성 급증. (산출근거: 수급위기지수 64/100)"
"CO","2022-12-12","2","주의","63.79934296496811","nan","[CO · 주의(Yellow)] 국제 핵심광물 시장의 가격 변동성 급증. (산출근거: 수급위기지수 64/100)"
"CO","2022-12-19","2","주의","63.79934296496811","nan","[CO · 주의(Yellow)] 국제 핵심광물 시장의 가격 변동성 급증. (산출근거: 수급위기지수 64/100)"
"CO","2022-12-26","2","주의","63.79934296496811","nan","[CO · 주의(Yellow)] 국제 핵심광물 시장의 가격 변동성 급증. (산출근거: 수급위기지수 64/100)"
"CO","2023-01-02","2","주의","58.20632653527127","nan","[CO · 주의(Yellow)] 국제 핵심광물 시장의 가격 변동성 급증. (산출근거: 수급위기지수 58/100)"
"CO","2023-01-09","1","관심","58.20632653527127","nan","[CO · 관심(Blue)] 국제 핵심광물 시장의 가격 변동성 증가. (산출근거: 수급위기지수 58/100)"
"CO","2023-01-16","1","관심","58.20632653527127","nan","[CO · 관심(Blue)] 국제 핵심광물 시장의 가격 변동성 증가. (산출근거: 수급위기지수 58/100)"
"CO","2023-01-23","1","관심","58.20632653527127","nan","[CO · 관심(Blue)] 국제 핵심광물 시장의 가격 변동성 증가. (산출근거: 수급위기지수 58/100)"
"CO","2023-01-30","1","관심","58.20632653527127","nan","[CO · 관심(Blue)] 국제 핵심광물 시장의 가격 변동성 증가. (산출근거: 수급위기지수 58/100)"
"CO","2023-02-06","1","관심","35.587451807193304","nan","[CO · 관심(Blue)] 국제 핵심광물 시장의 가격 변동성 증가. (산출근거: 수급위기지수 36/100)"
"CO","2023-02-13","1","관심","35.587451807193304","nan","[CO · 관심(Blue)] 국제 핵심광물 시장의 가격 변동성 증가. (산출근거: 수급위기지수 36/100)"
"CO","2023-02-20","1","관심","35.587451807193304","nan","[CO · 관심(Blue)] 국제 핵심광물 시장의 가격 변동성 증가. (산출근거: 수급위기지수 36/100)"
"CO","2023-02-27","1","관심","35.587451807193304","nan","[CO · 관심(Blue)] 국제 핵심광물 시장의 가격 변동성 증가. (산출근거: 수급위기지수 36/100)"
"CO","2023-03-06","1","관심","30.04687276378567","nan","[CO · 관심(Blue)] 국제 핵심광물 시장의 가격 변동성 증가. (산출근거: 수급위기지수 30/100)"
"CO","2023-03-13","0","정상","30.04687276378567","nan","정상 — 위기지수·변동성·지정학 트리거 모두 임계 이하."
"CO","2023-03-20","0","정상","30.04687276378567","nan","정상 — 위기지수·변동성·지정학 트리거 모두 임계 이하."
"CO","2023-03-27","0","정상","30.04687276378567","nan","정상 — 위기지수·변동성·지정학 트리거 모두 임계 이하."
"CO","2023-04-03","1","관심","31.23473764477936","변동성급증","[CO · 관심(Blue)] 국제 핵심광물 시장의 가격 변동성 증가. (산출근거: 수급위기지수 31/100, 변동성급증)"
"CO","2023-04-10","1","관심","31.23473764477936","변동성급증","[CO · 관심(Blue)] 국제 핵심광물 시장의 가격 변동성 증가. (산출근거: 수급위기지수 31/100, 변동성급증)"
"CO","2023-04-17","1","관심","31.23473764477936","변동성급증","[CO · 관심(Blue)] 국제 핵심광물 시장의 가격 변동성 증가. (산출근거: 수급위기지수 31/100, 변동성급증)"
"CO","2023-04-24","1","관심","31.23473764477936","변동성급증","[CO · 관심(Blue)] 국제 핵심광물 시장의 가격 변동성 증가. (산출근거: 수급위기지수 31/100, 변동성급증)"
"CO","2023-05-01","1","관심","29.069225117998077","nan","[CO · 관심(Blue)] 국제 핵심광물 시장의 가격 변동성 증가. (산출근거: 수급위기지수 29/100)"
"CO","2023-05-08","0","정상","29.069225117998077","nan","정상 — 위기지수·변동성·지정학 트리거 모두 임계 이하."
"CO","2023-05-15","0","정상","29.069225117998077","nan","정상 — 위기지수·변동성·지정학 트리거 모두 임계 이하."
"CO","2023-05-22","0","정상","29.069225117998077","nan","정상 — 위기지수·변동성·지정학 트리거 모두 임계 이하."
"CO","2023-05-29","0","정상","29.069225117998077","nan","정상 — 위기지수·변동성·지정학 트리거 모두 임계 이하."
"CO","2023-06-05","0","정상","23.08503296802792","nan","정상 — 위기지수·변동성·지정학 트리거 모두 임계 이하."
"CO","2023-06-12","0","정상","23.08503296802792","nan","정상 — 위기지수·변동성·지정학 트리거 모두 임계 이하."
"CO","2023-06-19","0","정상","23.08503296802792","nan","정상 — 위기지수·변동성·지정학 트리거 모두 임계 이하."
"CO","2023-06-26","0","정상","23.08503296802792","nan","정상 — 위기지수·변동성·지정학 트리거 모두 임계 이하."
"CO","2023-07-03","1","관심","29.07307823282976","변동성급증","[CO · 관심(Blue)] 국제 핵심광물 시장의 가격 변동성 증가. (산출근거: 수급위기지수 29/100, 변동성급증)"
"CO","2023-07-10","1","관심","29.07307823282976","변동성급증","[CO · 관심(Blue)] 국제 핵심광물 시장의 가격 변동성 증가. (산출근거: 수급위기지수 29/100, 변동성급증)"
"CO","2023-07-17","1","관심","29.07307823282976","변동성급증","[CO · 관심(Blue)] 국제 핵심광물 시장의 가격 변동성 증가. (산출근거: 수급위기지수 29/100, 변동성급증)"
"CO","2023-07-24","1","관심","29.07307823282976","변동성급증","[CO · 관심(Blue)] 국제 핵심광물 시장의 가격 변동성 증가. (산출근거: 수급위기지수 29/100, 변동성급증)"
"CO","2023-07-31","1","관심","29.07307823282976","변동성급증","[CO · 관심(Blue)] 국제 핵심광물 시장의 가격 변동성 증가. (산출근거: 수급위기지수 29/100, 변동성급증)"
"CO","2023-08-07","1","관심","28.847568804936515","변동성급증","[CO · 관심(Blue)] 주요 생산국의 정세불안(테러·폭동 등으로 인한 생산차질 및 수출제한 우려) / 국제 핵심광물 시장의 가격 변동성 증가. (산출근거: 수급위기지수 29/100, 변동성급증) 관련 이벤트: '• 그동안콩고민주공화국(DRC) 정부는광산매장량증가로인한로얄티분쟁으로TFM의동-코발트대한' (DRC, severity 0.80)"
"CO","2023-08-14","1","관심","28.847568804936515","nan","[CO · 관심(Blue)] 주요 생산국의 정세불안(테러·폭동 등으로 인한 생산차질 및 수출제한 우려) / 국제 핵심광물 시장의 가격 변동성 증가. (산출근거: 수급위기지수 29/100) 관련 이벤트: '• 그동안콩고민주공화국(DRC) 정부는광산매장량증가로인한로얄티분쟁으로TFM의동-코발트대한' (DRC, severity 0.80)"
"CO","2023-08-21","0","정상","28.847568804936515","nan","정상 — 위기지수·변동성·지정학 트리거 모두 임계 이하."
"CO","2023-08-28","0","정상","28.847568804936515","nan","정상 — 위기지수·변동성·지정학 트리거 모두 임계 이하."
"CO","2023-09-04","0","정상","28.95782313170781","nan","정상 — 위기지수·변동성·지정학 트리거 모두 임계 이하."
"CO","2023-09-11","0","정상","28.95782313170781","nan","정상 — 위기지수·변동성·지정학 트리거 모두 임계 이하."
"CO","2023-09-18","0","정상","28.95782313170781","nan","정상 — 위기지수·변동성·지정학 트리거 모두 임계 이하."
"CO","2023-09-25","0","정상","28.95782313170781","nan","정상 — 위기지수·변동성·지정학 트리거 모두 임계 이하."
"CO","2023-10-02","0","정상","28.424172471285587","nan","정상 — 위기지수·변동성·지정학 트리거 모두 임계 이하."
"CO","2023-10-09","0","정상","28.424172471285587","nan","정상 — 위기지수·변동성·지정학 트리거 모두 임계 이하."
"CO","2023-10-16","0","정상","28.424172471285587","nan","정상 — 위기지수·변동성·지정학 트리거 모두 임계 이하."
"CO","2023-10-23","0","정상","28.424172471285587","nan","정상 — 위기지수·변동성·지정학 트리거 모두 임계 이하."
"CO","2023-10-30","0","정상","28.424172471285587","nan","정상 — 위기지수·변동성·지정학 트리거 모두 임계 이하."
"CO","2023-11-06","0","정상","28.904558129670235","nan","정상 — 위기지수·변동성·지정학 트리거 모두 임계 이하."
"CO","2023-11-13","0","정상","28.904558129670235","nan","정상 — 위기지수·변동성·지정학 트리거 모두 임계 이하."
"CO","2023-11-20","0","정상","28.904558129670235","nan","정상 — 위기지수·변동성·지정학 트리거 모두 임계 이하."
"CO","2023-11-27","0","정상","28.904558129670235","nan","정상 — 위기지수·변동성·지정학 트리거 모두 임계 이하."
"CO","2023-12-04","0","정상","25.35947222073709","nan","정상 — 위기지수·변동성·지정학 트리거 모두 임계 이하."
"CO","2023-12-11","0","정상","25.35947222073709","nan","정상 — 위기지수·변동성·지정학 트리거 모두 임계 이하."
"CO","2023-12-18","0","정상","25.35947222073709","nan","정상 — 위기지수·변동성·지정학 트리거 모두 임계 이하."
"CO","2023-12-25","0","정상","25.35947222073709","nan","정상 — 위기지수·변동성·지정학 트리거 모두 임계 이하."
"CO","2024-01-01","0","정상","23.039371438412687","nan","정상 — 위기지수·변동성·지정학 트리거 모두 임계 이하."
"CO","2024-01-08","0","정상","23.039371438412687","nan","정상 — 위기지수·변동성·지정학 트리거 모두 임계 이하."
"CO","2024-01-15","0","정상","23.039371438412687","nan","정상 — 위기지수·변동성·지정학 트리거 모두 임계 이하."
"CO","2024-01-22","0","정상","23.039371438412687","nan","정상 — 위기지수·변동성·지정학 트리거 모두 임계 이하."
"CO","2024-01-29","0","정상","23.039371438412687","nan","정상 — 위기지수·변동성·지정학 트리거 모두 임계 이하."
"CO","2024-02-05","0","정상","22.594728046127173","nan","정상 — 위기지수·변동성·지정학 트리거 모두 임계 이하."
"CO","2024-02-12","0","정상","22.594728046127173","nan","정상 — 위기지수·변동성·지정학 트리거 모두 임계 이하."
"CO","2024-02-19","0","정상","22.594728046127173","nan","정상 — 위기지수·변동성·지정학 트리거 모두 임계 이하."
"CO","2024-02-26","0","정상","22.594728046127173","nan","정상 — 위기지수·변동성·지정학 트리거 모두 임계 이하."
"CO","2024-03-04","0","정상","22.765921868207386","nan","정상 — 위기지수·변동성·지정학 트리거 모두 임계 이하."
"CO","2024-03-11","0","정상","22.765921868207386","nan","정상 — 위기지수·변동성·지정학 트리거 모두 임계 이하."
"CO","2024-03-18","0","정상","22.765921868207386","nan","정상 — 위기지수·변동성·지정학 트리거 모두 임계 이하."
"CO","2024-03-25","0","정상","22.765921868207386","nan","정상 — 위기지수·변동성·지정학 트리거 모두 임계 이하."
"CO","2024-04-01","0","정상","22.308832345714578","nan","정상 — 위기지수·변동성·지정학 트리거 모두 임계 이하."
"CO","2024-04-08","0","정상","22.308832345714578","nan","정상 — 위기지수·변동성·지정학 트리거 모두 임계 이하."
"CO","2024-04-15","0","정상","22.308832345714578","nan","정상 — 위기지수·변동성·지정학 트리거 모두 임계 이하."
"CO","2024-04-22","0","정상","22.308832345714578","nan","정상 — 위기지수·변동성·지정학 트리거 모두 임계 이하."
"CO","2024-04-29","0","정상","22.308832345714578","nan","정상 — 위기지수·변동성·지정학 트리거 모두 임계 이하."
"CO","2024-05-06","0","정상","22.02345263831981","nan","정상 — 위기지수·변동성·지정학 트리거 모두 임계 이하."
"CO","2024-05-13","0","정상","22.02345263831981","nan","정상 — 위기지수·변동성·지정학 트리거 모두 임계 이하."
"CO","2024-05-20","0","정상","22.02345263831981","nan","정상 — 위기지수·변동성·지정학 트리거 모두 임계 이하."
"CO","2024-05-27","0","정상","22.02345263831981","nan","정상 — 위기지수·변동성·지정학 트리거 모두 임계 이하."
"CO","2024-06-03","0","정상","21.24904233797811","nan","정상 — 위기지수·변동성·지정학 트리거 모두 임계 이하."
"CO","2024-06-10","0","정상","21.24904233797811","nan","정상 — 위기지수·변동성·지정학 트리거 모두 임계 이하."
"CO","2024-06-17","0","정상","21.24904233797811","nan","정상 — 위기지수·변동성·지정학 트리거 모두 임계 이하."
"CO","2024-06-24","0","정상","21.24904233797811","nan","정상 — 위기지수·변동성·지정학 트리거 모두 임계 이하."
"CO","2024-07-01","0","정상","21.149370762582777","nan","정상 — 위기지수·변동성·지정학 트리거 모두 임계 이하."
"CO","2024-07-08","0","정상","21.149370762582777","nan","정상 — 위기지수·변동성·지정학 트리거 모두 임계 이하."
"CO","2024-07-15","0","정상","21.149370762582777","nan","정상 — 위기지수·변동성·지정학 트리거 모두 임계 이하."
"CO","2024-07-22","0","정상","21.149370762582777","nan","정상 — 위기지수·변동성·지정학 트리거 모두 임계 이하."
"CO","2024-07-29","0","정상","21.149370762582777","nan","정상 — 위기지수·변동성·지정학 트리거 모두 임계 이하."
"CO","2024-08-05","0","정상","20.295665780694108","nan","정상 — 위기지수·변동성·지정학 트리거 모두 임계 이하."
"CO","2024-08-12","0","정상","20.295665780694108","nan","정상 — 위기지수·변동성·지정학 트리거 모두 임계 이하."
"CO","2024-08-19","0","정상","20.295665780694108","nan","정상 — 위기지수·변동성·지정학 트리거 모두 임계 이하."
"CO","2024-08-26","0","정상","20.295665780694108","nan","정상 — 위기지수·변동성·지정학 트리거 모두 임계 이하."
"CO","2024-09-02","0","정상","19.31483189225399","nan","정상 — 위기지수·변동성·지정학 트리거 모두 임계 이하."
"CO","2024-09-09","0","정상","19.31483189225399","nan","정상 — 위기지수·변동성·지정학 트리거 모두 임계 이하."
"CO","2024-09-16","0","정상","19.31483189225399","nan","정상 — 위기지수·변동성·지정학 트리거 모두 임계 이하."
"CO","2024-09-23","0","정상","19.31483189225399","nan","정상 — 위기지수·변동성·지정학 트리거 모두 임계 이하."
"CO","2024-09-30","0","정상","19.31483189225399","nan","정상 — 위기지수·변동성·지정학 트리거 모두 임계 이하."
"CO","2024-10-07","0","정상","19.35346823641622","nan","정상 — 위기지수·변동성·지정학 트리거 모두 임계 이하."
"CO","2024-10-14","0","정상","19.35346823641622","nan","정상 — 위기지수·변동성·지정학 트리거 모두 임계 이하."
"CO","2024-10-21","0","정상","19.35346823641622","nan","정상 — 위기지수·변동성·지정학 트리거 모두 임계 이하."
"CO","2024-10-28","0","정상","19.35346823641622","nan","정상 — 위기지수·변동성·지정학 트리거 모두 임계 이하."
"CO","2024-11-04","0","정상","19.35792735906321","nan","정상 — 위기지수·변동성·지정학 트리거 모두 임계 이하."
"CO","2024-11-11","0","정상","19.35792735906321","nan","정상 — 위기지수·변동성·지정학 트리거 모두 임계 이하."
"CO","2024-11-18","0","정상","19.35792735906321","nan","정상 — 위기지수·변동성·지정학 트리거 모두 임계 이하."
"CO","2024-11-25","0","정상","19.35792735906321","nan","정상 — 위기지수·변동성·지정학 트리거 모두 임계 이하."
"CO","2024-12-02","0","정상","19.157165724061212","nan","정상 — 위기지수·변동성·지정학 트리거 모두 임계 이하."
"CO","2024-12-09","0","정상","19.157165724061212","nan","정상 — 위기지수·변동성·지정학 트리거 모두 임계 이하."
"CO","2024-12-16","0","정상","19.157165724061212","nan","정상 — 위기지수·변동성·지정학 트리거 모두 임계 이하."
"CO","2024-12-23","0","정상","19.157165724061212","nan","정상 — 위기지수·변동성·지정학 트리거 모두 임계 이하."
"CO","2024-12-30","0","정상","19.157165724061212","nan","정상 — 위기지수·변동성·지정학 트리거 모두 임계 이하."
"CO","2025-01-06","0","정상","18.257151353871635","nan","정상 — 위기지수·변동성·지정학 트리거 모두 임계 이하."
"CO","2025-01-13","0","정상","18.257151353871635","nan","정상 — 위기지수·변동성·지정학 트리거 모두 임계 이하."
"CO","2025-01-20","0","정상","18.257151353871635","nan","정상 — 위기지수·변동성·지정학 트리거 모두 임계 이하."
"CO","2025-01-27","0","정상","18.257151353871635","nan","정상 — 위기지수·변동성·지정학 트리거 모두 임계 이하."
"CO","2025-02-03","0","정상","16.45128868058893","nan","정상 — 위기지수·변동성·지정학 트리거 모두 임계 이하."
"CO","2025-02-10","0","정상","16.45128868058893","nan","정상 — 위기지수·변동성·지정학 트리거 모두 임계 이하."
"CO","2025-02-17","0","정상","16.45128868058893","nan","정상 — 위기지수·변동성·지정학 트리거 모두 임계 이하."
"CO","2025-02-24","0","정상","16.45128868058893","nan","정상 — 위기지수·변동성·지정학 트리거 모두 임계 이하."
"CO","2025-03-03","0","정상","27.64628957429818","nan","정상 — 위기지수·변동성·지정학 트리거 모두 임계 이하."
"CO","2025-03-10","1","관심","27.64628957429818","변동성급증","[CO · 관심(Blue)] 국제 핵심광물 시장의 가격 변동성 증가. (산출근거: 수급위기지수 28/100, 변동성급증)"
"CO","2025-03-17","1","관심","27.64628957429818","변동성급증","[CO · 관심(Blue)] 국제 핵심광물 시장의 가격 변동성 증가. (산출근거: 수급위기지수 28/100, 변동성급증)"
"CO","2025-03-24","1","관심","27.64628957429818","변동성급증","[CO · 관심(Blue)] 국제 핵심광물 시장의 가격 변동성 증가. (산출근거: 수급위기지수 28/100, 변동성급증)"
"CO","2025-03-31","1","관심","27.64628957429818","변동성급증","[CO · 관심(Blue)] 국제 핵심광물 시장의 가격 변동성 증가. (산출근거: 수급위기지수 28/100, 변동성급증)"
"CO","2025-04-07","1","관심","31.00497281480152","변동성급증","[CO · 관심(Blue)] 국제 핵심광물 시장의 가격 변동성 증가. (산출근거: 수급위기지수 31/100, 변동성급증)"
"CO","2025-04-14","1","관심","31.00497281480152","변동성급증","[CO · 관심(Blue)] 국제 핵심광물 시장의 가격 변동성 증가. (산출근거: 수급위기지수 31/100, 변동성급증)"
"CO","2025-04-21","1","관심","31.00497281480152","변동성급증","[CO · 관심(Blue)] 국제 핵심광물 시장의 가격 변동성 증가. (산출근거: 수급위기지수 31/100, 변동성급증)"
"CO","2025-04-28","1","관심","31.00497281480152","변동성급증","[CO · 관심(Blue)] 국제 핵심광물 시장의 가격 변동성 증가. (산출근거: 수급위기지수 31/100, 변동성급증)"
"CO","2025-05-05","2","주의","30.97510114142496","변동성급증+지정학0.92","[CO · 주의(Yellow)] 주요 생산국의 정세불안 증가(생산·수송시설 파괴 등으로 인한 생산차질 발생 및 부분적 수출제한) / 국제 핵심광물 시장의 가격 변동성 급증. (산출근거: 수급위기지수 31/100, 변동성급증+지정학0.92) 관련 이벤트: 'In February 2025, the DRC announced a four-month suspension of cobalt exports to curb fall' (DRC, severity 0.92)"
"CO","2025-05-12","2","주의","30.97510114142496","변동성급증+지정학0.92","[CO · 주의(Yellow)] 주요 생산국의 정세불안 증가(생산·수송시설 파괴 등으로 인한 생산차질 발생 및 부분적 수출제한) / 국제 핵심광물 시장의 가격 변동성 급증. (산출근거: 수급위기지수 31/100, 변동성급증+지정학0.92) 관련 이벤트: 'In February 2025, the DRC announced a four-month suspension of cobalt exports to curb fall' (DRC, severity 0.92)"
"CO","2025-05-19","2","주의","30.97510114142496","변동성급증+지정학0.92","[CO · 주의(Yellow)] 주요 생산국의 정세불안 증가(생산·수송시설 파괴 등으로 인한 생산차질 발생 및 부분적 수출제한) / 국제 핵심광물 시장의 가격 변동성 급증. (산출근거: 수급위기지수 31/100, 변동성급증+지정학0.92) 관련 이벤트: 'In February 2025, the DRC announced a four-month suspension of cobalt exports to curb fall' (DRC, severity 0.92)"
"CO","2025-05-26","2","주의","30.97510114142496","변동성급증+지정학0.92","[CO · 주의(Yellow)] 주요 생산국의 정세불안 증가(생산·수송시설 파괴 등으로 인한 생산차질 발생 및 부분적 수출제한) / 국제 핵심광물 시장의 가격 변동성 급증. (산출근거: 수급위기지수 31/100, 변동성급증+지정학0.92) 관련 이벤트: 'In February 2025, the DRC announced a four-month suspension of cobalt exports to curb fall' (DRC, severity 0.92)"
"CO","2025-06-02","2","주의","30.789415693977062","nan","[CO · 주의(Yellow)] 국제 핵심광물 시장의 가격 변동성 급증. (산출근거: 수급위기지수 31/100)"
"CO","2025-06-09","0","정상","30.789415693977062","nan","정상 — 위기지수·변동성·지정학 트리거 모두 임계 이하."
"CO","2025-06-16","0","정상","30.789415693977062","nan","정상 — 위기지수·변동성·지정학 트리거 모두 임계 이하."
"CO","2025-06-23","0","정상","30.789415693977062","nan","정상 — 위기지수·변동성·지정학 트리거 모두 임계 이하."
"CO","2025-06-30","0","정상","30.789415693977062","nan","정상 — 위기지수·변동성·지정학 트리거 모두 임계 이하."
"CO","2025-07-07","0","정상","30.6896210787224","nan","정상 — 위기지수·변동성·지정학 트리거 모두 임계 이하."
"CO","2025-07-14","0","정상","30.6896210787224","nan","정상 — 위기지수·변동성·지정학 트리거 모두 임계 이하."
"CO","2025-07-21","0","정상","30.6896210787224","nan","정상 — 위기지수·변동성·지정학 트리거 모두 임계 이하."
"CO","2025-07-28","0","정상","30.6896210787224","nan","정상 — 위기지수·변동성·지정학 트리거 모두 임계 이하."
"CO","2025-08-04","0","정상","30.761702498851196","nan","정상 — 위기지수·변동성·지정학 트리거 모두 임계 이하."
"CO","2025-08-11","0","정상","30.761702498851196","nan","정상 — 위기지수·변동성·지정학 트리거 모두 임계 이하."
"CO","2025-08-18","0","정상","30.761702498851196","nan","정상 — 위기지수·변동성·지정학 트리거 모두 임계 이하."
"CO","2025-08-25","0","정상","30.761702498851196","nan","정상 — 위기지수·변동성·지정학 트리거 모두 임계 이하."
"CO","2025-09-01","0","정상","31.48198722570348","nan","정상 — 위기지수·변동성·지정학 트리거 모두 임계 이하."
"CO","2025-09-08","0","정상","31.48198722570348","nan","정상 — 위기지수·변동성·지정학 트리거 모두 임계 이하."
"CO","2025-09-15","0","정상","31.48198722570348","nan","정상 — 위기지수·변동성·지정학 트리거 모두 임계 이하."
"CO","2025-09-22","0","정상","31.48198722570348","nan","정상 — 위기지수·변동성·지정학 트리거 모두 임계 이하."
"CO","2025-09-29","0","정상","31.48198722570348","nan","정상 — 위기지수·변동성·지정학 트리거 모두 임계 이하."
"CO","2025-10-06","1","관심","46.7301477345633","nan","[CO · 관심(Blue)] 국제 핵심광물 시장의 가격 변동성 증가. (산출근거: 수급위기지수 47/100)"
"CO","2025-10-13","1","관심","46.7301477345633","nan","[CO · 관심(Blue)] 국제 핵심광물 시장의 가격 변동성 증가. (산출근거: 수급위기지수 47/100)"
"CO","2025-10-20","1","관심","46.7301477345633","nan","[CO · 관심(Blue)] 국제 핵심광물 시장의 가격 변동성 증가. (산출근거: 수급위기지수 47/100)"
"CO","2025-10-27","1","관심","46.7301477345633","nan","[CO · 관심(Blue)] 국제 핵심광물 시장의 가격 변동성 증가. (산출근거: 수급위기지수 47/100)"
"CO","2025-11-03","1","관심","56.560726992223685","nan","[CO · 관심(Blue)] 국제 핵심광물 시장의 가격 변동성 증가. (산출근거: 수급위기지수 57/100)"
"CO","2025-11-10","1","관심","56.560726992223685","nan","[CO · 관심(Blue)] 국제 핵심광물 시장의 가격 변동성 증가. (산출근거: 수급위기지수 57/100)"
"CO","2025-11-17","1","관심","56.560726992223685","nan","[CO · 관심(Blue)] 국제 핵심광물 시장의 가격 변동성 증가. (산출근거: 수급위기지수 57/100)"
"CO","2025-11-24","1","관심","56.560726992223685","nan","[CO · 관심(Blue)] 국제 핵심광물 시장의 가격 변동성 증가. (산출근거: 수급위기지수 57/100)"
"CO","2025-12-01","1","관심","62.32195604410378","nan","[CO · 관심(Blue)] 국제 핵심광물 시장의 가격 변동성 증가. (산출근거: 수급위기지수 62/100)"
"CO","2025-12-08","1","관심","62.32195604410378","nan","[CO · 관심(Blue)] 국제 핵심광물 시장의 가격 변동성 증가. (산출근거: 수급위기지수 62/100)"
"CO","2025-12-15","1","관심","62.32195604410378","nan","[CO · 관심(Blue)] 국제 핵심광물 시장의 가격 변동성 증가. (산출근거: 수급위기지수 62/100)"
"CO","2025-12-22","1","관심","62.32195604410378","nan","[CO · 관심(Blue)] 국제 핵심광물 시장의 가격 변동성 증가. (산출근거: 수급위기지수 62/100)"
"CO","2025-12-29","1","관심","62.32195604410378","nan","[CO · 관심(Blue)] 국제 핵심광물 시장의 가격 변동성 증가. (산출근거: 수급위기지수 62/100)"
"CO","2026-01-05","4","심각","67.9741135983507","지정학0.85","[CO · 심각(Red)] 주요 생산국의 정세 악화(주변국 전쟁 확산, 대규모 생산·수송시설 파괴, 전면적 수출제한 등) / 국제 핵심광물 시장의 가격 변동성 급증 및 핵심광물 조달 전면 차질. (산출근거: 수급위기지수 68/100, 지정학0.85) 관련 이벤트: 'Viewpoint: Co rally to persist in 2026 on DRC curbs.' (DRC, severity 0.85)"
"CO","2026-01-12","4","심각","67.9741135983507","지정학0.85","[CO · 심각(Red)] 주요 생산국의 정세 악화(주변국 전쟁 확산, 대규모 생산·수송시설 파괴, 전면적 수출제한 등) / 국제 핵심광물 시장의 가격 변동성 급증 및 핵심광물 조달 전면 차질. (산출근거: 수급위기지수 68/100, 지정학0.85) 관련 이벤트: 'Viewpoint: Co rally to persist in 2026 on DRC curbs.' (DRC, severity 0.85)"
"CO","2026-01-19","4","심각","67.9741135983507","지정학0.85","[CO · 심각(Red)] 주요 생산국의 정세 악화(주변국 전쟁 확산, 대규모 생산·수송시설 파괴, 전면적 수출제한 등) / 국제 핵심광물 시장의 가격 변동성 급증 및 핵심광물 조달 전면 차질. (산출근거: 수급위기지수 68/100, 지정학0.85) 관련 이벤트: 'Viewpoint: Co rally to persist in 2026 on DRC curbs.' (DRC, severity 0.85)"
"CO","2026-01-26","4","심각","67.9741135983507","지정학0.85","[CO · 심각(Red)] 주요 생산국의 정세 악화(주변국 전쟁 확산, 대규모 생산·수송시설 파괴, 전면적 수출제한 등) / 국제 핵심광물 시장의 가격 변동성 급증 및 핵심광물 조달 전면 차질. (산출근거: 수급위기지수 68/100, 지정학0.85) 관련 이벤트: 'Viewpoint: Co rally to persist in 2026 on DRC curbs.' (DRC, severity 0.85)"
"CO","2026-02-02","4","심각","67.63915894484518","nan","[CO · 심각(Red)] 국제 핵심광물 시장의 가격 변동성 급증 및 핵심광물 조달 전면 차질. (산출근거: 수급위기지수 68/100)"
"CO","2026-02-09","3","경계","67.63915894484518","nan","[CO · 경계(Orange)] 국제 핵심광물 시장의 가격 변동성 급증 및 핵심광물 조달 일부 차질. (산출근거: 수급위기지수 68/100)"
"CO","2026-02-16","3","경계","67.63915894484518","nan","[CO · 경계(Orange)] 국제 핵심광물 시장의 가격 변동성 급증 및 핵심광물 조달 일부 차질. (산출근거: 수급위기지수 68/100)"
"CO","2026-02-23","3","경계","67.63915894484518","nan","[CO · 경계(Orange)] 국제 핵심광물 시장의 가격 변동성 급증 및 핵심광물 조달 일부 차질. (산출근거: 수급위기지수 68/100)"
"CO","2026-03-02","3","경계","67.01650954360997","nan","[CO · 경계(Orange)] 국제 핵심광물 시장의 가격 변동성 급증 및 핵심광물 조달 일부 차질. (산출근거: 수급위기지수 67/100)"
"CO","2026-03-09","2","주의","67.01650954360997","nan","[CO · 주의(Yellow)] 국제 핵심광물 시장의 가격 변동성 급증. (산출근거: 수급위기지수 67/100)"
"CO","2026-03-16","2","주의","67.01650954360997","nan","[CO · 주의(Yellow)] 국제 핵심광물 시장의 가격 변동성 급증. (산출근거: 수급위기지수 67/100)"
"CO","2026-03-23","2","주의","67.01650954360997","nan","[CO · 주의(Yellow)] 국제 핵심광물 시장의 가격 변동성 급증. (산출근거: 수급위기지수 67/100)"
"CO","2026-03-30","2","주의","67.01650954360997","nan","[CO · 주의(Yellow)] 국제 핵심광물 시장의 가격 변동성 급증. (산출근거: 수급위기지수 67/100)"
"CO","2026-04-06","2","주의","66.34244483959904","nan","[CO · 주의(Yellow)] 국제 핵심광물 시장의 가격 변동성 급증. (산출근거: 수급위기지수 66/100)"
"CO","2026-04-13","2","주의","66.34244483959904","nan","[CO · 주의(Yellow)] 국제 핵심광물 시장의 가격 변동성 급증. (산출근거: 수급위기지수 66/100)"
"CO","2026-04-20","2","주의","66.34244483959904","nan","[CO · 주의(Yellow)] 국제 핵심광물 시장의 가격 변동성 급증. (산출근거: 수급위기지수 66/100)"
"CO","2026-04-27","2","주의","66.34244483959904","nan","[CO · 주의(Yellow)] 국제 핵심광물 시장의 가격 변동성 급증. (산출근거: 수급위기지수 66/100)"
"CO","2026-05-04","2","주의","65.36665975106327","nan","[CO · 주의(Yellow)] 국제 핵심광물 시장의 가격 변동성 급증. (산출근거: 수급위기지수 65/100)"
"CO","2026-05-11","2","주의","65.36665975106327","nan","[CO · 주의(Yellow)] 국제 핵심광물 시장의 가격 변동성 급증. (산출근거: 수급위기지수 65/100)"
"CO","2026-05-18","2","주의","65.36665975106327","nan","[CO · 주의(Yellow)] 국제 핵심광물 시장의 가격 변동성 급증. (산출근거: 수급위기지수 65/100)"
"CO","2026-05-25","2","주의","65.36665975106327","nan","[CO · 주의(Yellow)] 국제 핵심광물 시장의 가격 변동성 급증. (산출근거: 수급위기지수 65/100)"
"CO","2026-06-01","2","주의","65.36665975106327","nan","[CO · 주의(Yellow)] 국제 핵심광물 시장의 가격 변동성 급증. (산출근거: 수급위기지수 65/100)"
"CO","2026-06-08","2","주의","65.36665975106327","nan","[CO · 주의(Yellow)] 국제 핵심광물 시장의 가격 변동성 급증. (산출근거: 수급위기지수 65/100)"
"CU","2020-01-06","3","경계","34.13640050188724","수입편중極","[CU · 경계(Orange)] 국제 핵심광물 시장의 가격 변동성 급증 및 핵심광물 조달 일부 차질. (산출근거: 수급위기지수 34/100, 수입편중極)"
"CU","2020-01-13","3","경계","34.13640050188724","수입편중極","[CU · 경계(Orange)] 국제 핵심광물 시장의 가격 변동성 급증 및 핵심광물 조달 일부 차질. (산출근거: 수급위기지수 34/100, 수입편중極)"
"CU","2020-01-20","3","경계","34.13640050188724","수입편중極","[CU · 경계(Orange)] 국제 핵심광물 시장의 가격 변동성 급증 및 핵심광물 조달 일부 차질. (산출근거: 수급위기지수 34/100, 수입편중極)"
"CU","2020-01-27","3","경계","34.13640050188724","수입편중極","[CU · 경계(Orange)] 국제 핵심광물 시장의 가격 변동성 급증 및 핵심광물 조달 일부 차질. (산출근거: 수급위기지수 34/100, 수입편중極)"
"CU","2020-02-03","3","경계","23.478411393440084","수입편중極","[CU · 경계(Orange)] 국제 핵심광물 시장의 가격 변동성 급증 및 핵심광물 조달 일부 차질. (산출근거: 수급위기지수 23/100, 수입편중極)"
"CU","2020-02-10","3","경계","23.478411393440084","수입편중極","[CU · 경계(Orange)] 국제 핵심광물 시장의 가격 변동성 급증 및 핵심광물 조달 일부 차질. (산출근거: 수급위기지수 23/100, 수입편중極)"
"CU","2020-02-17","3","경계","23.478411393440084","수입편중極","[CU · 경계(Orange)] 국제 핵심광물 시장의 가격 변동성 급증 및 핵심광물 조달 일부 차질. (산출근거: 수급위기지수 23/100, 수입편중極)"
"CU","2020-02-24","3","경계","23.478411393440084","수입편중極","[CU · 경계(Orange)] 국제 핵심광물 시장의 가격 변동성 급증 및 핵심광물 조달 일부 차질. (산출근거: 수급위기지수 23/100, 수입편중極)"
"CU","2020-03-02","3","경계","12.181717686544689","수입편중極","[CU · 경계(Orange)] 저장·생산·공급 시설의 대형재난 발생 및 수송경로 일부 봉쇄로 인한 단기적 차질 / 국제 핵심광물 시장의 가격 변동성 급증 및 핵심광물 조달 일부 차질. (산출근거: 수급위기지수 12/100, 수입편중極) 관련 이벤트: 'Ÿ 코로나19확산으로중국의Hubei성내중소형동광산들은가동중단되었으나,칠레,페루등주요대형광산은' (칠레, severity 0.70)"
"CU","2020-03-09","3","경계","12.181717686544689","수입편중極","[CU · 경계(Orange)] 저장·생산·공급 시설의 대형재난 발생 및 수송경로 일부 봉쇄로 인한 단기적 차질 / 국제 핵심광물 시장의 가격 변동성 급증 및 핵심광물 조달 일부 차질. (산출근거: 수급위기지수 12/100, 수입편중極) 관련 이벤트: 'Ÿ 코로나19확산으로중국의Hubei성내중소형동광산들은가동중단되었으나,칠레,페루등주요대형광산은' (칠레, severity 0.70)"
"CU","2020-03-16","3","경계","12.181717686544689","변동성급증+수입편중極","[CU · 경계(Orange)] 저장·생산·공급 시설의 대형재난 발생 및 수송경로 일부 봉쇄로 인한 단기적 차질 / 국제 핵심광물 시장의 가격 변동성 급증 및 핵심광물 조달 일부 차질. (산출근거: 수급위기지수 12/100, 변동성급증+수입편중極) 관련 이벤트: 'Ÿ 코로나19확산으로중국의Hubei성내중소형동광산들은가동중단되었으나,칠레,페루등주요대형광산은' (칠레, severity 0.70)"
"CU","2020-03-23","3","경계","12.181717686544689","변동성급증+수입편중極","[CU · 경계(Orange)] 저장·생산·공급 시설의 대형재난 발생 및 수송경로 일부 봉쇄로 인한 단기적 차질 / 국제 핵심광물 시장의 가격 변동성 급증 및 핵심광물 조달 일부 차질. (산출근거: 수급위기지수 12/100, 변동성급증+수입편중極) 관련 이벤트: 'Ÿ 코로나19확산으로중국의Hubei성내중소형동광산들은가동중단되었으나,칠레,페루등주요대형광산은' (칠레, severity 0.70)"
"CU","2020-03-30","3","경계","12.181717686544689","변동성급증+수입편중極","[CU · 경계(Orange)] 저장·생산·공급 시설의 대형재난 발생 및 수송경로 일부 봉쇄로 인한 단기적 차질 / 국제 핵심광물 시장의 가격 변동성 급증 및 핵심광물 조달 일부 차질. (산출근거: 수급위기지수 12/100, 변동성급증+수입편중極) 관련 이벤트: 'Ÿ 코로나19확산으로중국의Hubei성내중소형동광산들은가동중단되었으나,칠레,페루등주요대형광산은' (칠레, severity 0.70)"
"CU","2020-04-06","3","경계","10.158971718326114","변동성급증+수입편중極","[CU · 경계(Orange)] 저장·생산·공급 시설의 대형재난 발생 및 수송경로 일부 봉쇄로 인한 단기적 차질 / 국제 핵심광물 시장의 가격 변동성 급증 및 핵심광물 조달 일부 차질. (산출근거: 수급위기지수 10/100, 변동성급증+수입편중極) 관련 이벤트: '■ 코로나19 확산여파로칠레, 페루, 인도네시아등주요동광산생산차질' (페루, severity 0.70)"
"CU","2020-04-13","3","경계","10.158971718326114","변동성급증+수입편중極","[CU · 경계(Orange)] 저장·생산·공급 시설의 대형재난 발생 및 수송경로 일부 봉쇄로 인한 단기적 차질 / 국제 핵심광물 시장의 가격 변동성 급증 및 핵심광물 조달 일부 차질. (산출근거: 수급위기지수 10/100, 변동성급증+수입편중極) 관련 이벤트: '■ 코로나19 확산여파로칠레, 페루, 인도네시아등주요동광산생산차질' (페루, severity 0.70)"
"CU","2020-04-20","3","경계","10.158971718326114","변동성급증+수입편중極","[CU · 경계(Orange)] 저장·생산·공급 시설의 대형재난 발생 및 수송경로 일부 봉쇄로 인한 단기적 차질 / 국제 핵심광물 시장의 가격 변동성 급증 및 핵심광물 조달 일부 차질. (산출근거: 수급위기지수 10/100, 변동성급증+수입편중極) 관련 이벤트: '■ 코로나19 확산여파로칠레, 페루, 인도네시아등주요동광산생산차질' (페루, severity 0.70)"
"CU","2020-04-27","3","경계","10.158971718326114","변동성급증+수입편중極","[CU · 경계(Orange)] 저장·생산·공급 시설의 대형재난 발생 및 수송경로 일부 봉쇄로 인한 단기적 차질 / 국제 핵심광물 시장의 가격 변동성 급증 및 핵심광물 조달 일부 차질. (산출근거: 수급위기지수 10/100, 변동성급증+수입편중極) 관련 이벤트: '■ 코로나19 확산여파로칠레, 페루, 인도네시아등주요동광산생산차질' (페루, severity 0.70)"
"CU","2020-05-04","3","경계","13.401477175003862","변동성급증+수입편중極","[CU · 경계(Orange)] 국제 핵심광물 시장의 가격 변동성 급증 및 핵심광물 조달 일부 차질. (산출근거: 수급위기지수 13/100, 변동성급증+수입편중極) 관련 이벤트: '‐ 장기20년평균가격과미달러가치등투자환경변수,미래가격전망등을반영한전기동시장전망지표가' (severity 0.35)"
"CU","2020-05-11","3","경계","13.401477175003862","변동성급증+수입편중極","[CU · 경계(Orange)] 국제 핵심광물 시장의 가격 변동성 급증 및 핵심광물 조달 일부 차질. (산출근거: 수급위기지수 13/100, 변동성급증+수입편중極) 관련 이벤트: '‐ 장기20년평균가격과미달러가치등투자환경변수,미래가격전망등을반영한전기동시장전망지표가' (severity 0.35)"
"CU","2020-05-18","3","경계","13.401477175003862","변동성급증+수입편중極","[CU · 경계(Orange)] 국제 핵심광물 시장의 가격 변동성 급증 및 핵심광물 조달 일부 차질. (산출근거: 수급위기지수 13/100, 변동성급증+수입편중極) 관련 이벤트: '‐ 장기20년평균가격과미달러가치등투자환경변수,미래가격전망등을반영한전기동시장전망지표가' (severity 0.35)"
"CU","2020-05-25","3","경계","13.401477175003862","변동성급증+수입편중極","[CU · 경계(Orange)] 국제 핵심광물 시장의 가격 변동성 급증 및 핵심광물 조달 일부 차질. (산출근거: 수급위기지수 13/100, 변동성급증+수입편중極) 관련 이벤트: '‐ 장기20년평균가격과미달러가치등투자환경변수,미래가격전망등을반영한전기동시장전망지표가' (severity 0.35)"
"CU","2020-06-01","3","경계","25.08245759612632","변동성급증+수입편중極","[CU · 경계(Orange)] 국제 핵심광물 시장의 가격 변동성 급증 및 핵심광물 조달 일부 차질. (산출근거: 수급위기지수 25/100, 변동성급증+수입편중極) 관련 이벤트: '심리가개선되면서전기동가격상승압력이발생함.또한국제유가의상승과페루등주요국생산차질이슈도상승요인' (severity 0.49)"
"CU","2020-06-08","3","경계","25.08245759612632","수입편중極","[CU · 경계(Orange)] 국제 핵심광물 시장의 가격 변동성 급증 및 핵심광물 조달 일부 차질. (산출근거: 수급위기지수 25/100, 수입편중極) 관련 이벤트: '심리가개선되면서전기동가격상승압력이발생함.또한국제유가의상승과페루등주요국생산차질이슈도상승요인' (severity 0.49)"
"CU","2020-06-15","3","경계","25.08245759612632","수입편중極","[CU · 경계(Orange)] 국제 핵심광물 시장의 가격 변동성 급증 및 핵심광물 조달 일부 차질. (산출근거: 수급위기지수 25/100, 수입편중極) 관련 이벤트: '심리가개선되면서전기동가격상승압력이발생함.또한국제유가의상승과페루등주요국생산차질이슈도상승요인' (severity 0.49)"
"CU","2020-06-22","3","경계","25.08245759612632","수입편중極","[CU · 경계(Orange)] 국제 핵심광물 시장의 가격 변동성 급증 및 핵심광물 조달 일부 차질. (산출근거: 수급위기지수 25/100, 수입편중極) 관련 이벤트: '심리가개선되면서전기동가격상승압력이발생함.또한국제유가의상승과페루등주요국생산차질이슈도상승요인' (severity 0.49)"
"CU","2020-06-29","3","경계","25.08245759612632","수입편중極","[CU · 경계(Orange)] 국제 핵심광물 시장의 가격 변동성 급증 및 핵심광물 조달 일부 차질. (산출근거: 수급위기지수 25/100, 수입편중極) 관련 이벤트: '심리가개선되면서전기동가격상승압력이발생함.또한국제유가의상승과페루등주요국생산차질이슈도상승요인' (severity 0.49)"
"CU","2020-07-06","3","경계","44.59068749343826","수입편중極","[CU · 경계(Orange)] 국제 핵심광물 시장의 가격 변동성 급증 및 핵심광물 조달 일부 차질. (산출근거: 수급위기지수 45/100, 수입편중極) 관련 이벤트: '생산차질로인해전기동가격상승압력발생' (severity 0.49)"
"CU","2020-07-13","3","경계","44.59068749343826","수입편중極","[CU · 경계(Orange)] 국제 핵심광물 시장의 가격 변동성 급증 및 핵심광물 조달 일부 차질. (산출근거: 수급위기지수 45/100, 수입편중極) 관련 이벤트: '생산차질로인해전기동가격상승압력발생' (severity 0.49)"
"CU","2020-07-20","3","경계","44.59068749343826","수입편중極","[CU · 경계(Orange)] 국제 핵심광물 시장의 가격 변동성 급증 및 핵심광물 조달 일부 차질. (산출근거: 수급위기지수 45/100, 수입편중極) 관련 이벤트: '생산차질로인해전기동가격상승압력발생' (severity 0.49)"
"CU","2020-07-27","3","경계","44.59068749343826","수입편중極","[CU · 경계(Orange)] 국제 핵심광물 시장의 가격 변동성 급증 및 핵심광물 조달 일부 차질. (산출근거: 수급위기지수 45/100, 수입편중極) 관련 이벤트: '생산차질로인해전기동가격상승압력발생' (severity 0.49)"
"CU","2020-08-03","3","경계","49.66806285000149","수입편중極","[CU · 경계(Orange)] 국제 핵심광물 시장의 가격 변동성 급증 및 핵심광물 조달 일부 차질. (산출근거: 수급위기지수 50/100, 수입편중極) 관련 이벤트: 'Ÿ 이에따라'20년전기동수급펀더멘털은남미지역공급차질에도불구하고, 상반기전기동소비충격으로' (severity 0.49)"
"CU","2020-08-10","3","경계","49.66806285000149","수입편중極","[CU · 경계(Orange)] 국제 핵심광물 시장의 가격 변동성 급증 및 핵심광물 조달 일부 차질. (산출근거: 수급위기지수 50/100, 수입편중極) 관련 이벤트: 'Ÿ 이에따라'20년전기동수급펀더멘털은남미지역공급차질에도불구하고, 상반기전기동소비충격으로' (severity 0.49)"
"CU","2020-08-17","3","경계","49.66806285000149","수입편중極","[CU · 경계(Orange)] 국제 핵심광물 시장의 가격 변동성 급증 및 핵심광물 조달 일부 차질. (산출근거: 수급위기지수 50/100, 수입편중極) 관련 이벤트: 'Ÿ 이에따라'20년전기동수급펀더멘털은남미지역공급차질에도불구하고, 상반기전기동소비충격으로' (severity 0.49)"
"CU","2020-08-24","3","경계","49.66806285000149","수입편중極","[CU · 경계(Orange)] 국제 핵심광물 시장의 가격 변동성 급증 및 핵심광물 조달 일부 차질. (산출근거: 수급위기지수 50/100, 수입편중極) 관련 이벤트: 'Ÿ 이에따라'20년전기동수급펀더멘털은남미지역공급차질에도불구하고, 상반기전기동소비충격으로' (severity 0.49)"
"CU","2020-08-31","3","경계","49.66806285000149","수입편중極","[CU · 경계(Orange)] 국제 핵심광물 시장의 가격 변동성 급증 및 핵심광물 조달 일부 차질. (산출근거: 수급위기지수 50/100, 수입편중極) 관련 이벤트: 'Ÿ 이에따라'20년전기동수급펀더멘털은남미지역공급차질에도불구하고, 상반기전기동소비충격으로' (severity 0.49)"
"CU","2020-09-07","3","경계","56.73383016583795","수입편중極","[CU · 경계(Orange)] 국제 핵심광물 시장의 가격 변동성 급증 및 핵심광물 조달 일부 차질. (산출근거: 수급위기지수 57/100, 수입편중極) 관련 이벤트: 'Ÿ 상기중국경기개선과남미지역공급차질로3분기전기동수급펀더멘털은소비량6,179천톤,공급량' (severity 0.49)"
"CU","2020-09-14","3","경계","56.73383016583795","수입편중極","[CU · 경계(Orange)] 국제 핵심광물 시장의 가격 변동성 급증 및 핵심광물 조달 일부 차질. (산출근거: 수급위기지수 57/100, 수입편중極) 관련 이벤트: 'Ÿ 상기중국경기개선과남미지역공급차질로3분기전기동수급펀더멘털은소비량6,179천톤,공급량' (severity 0.49)"
"CU","2020-09-21","3","경계","56.73383016583795","수입편중極","[CU · 경계(Orange)] 국제 핵심광물 시장의 가격 변동성 급증 및 핵심광물 조달 일부 차질. (산출근거: 수급위기지수 57/100, 수입편중極) 관련 이벤트: 'Ÿ 상기중국경기개선과남미지역공급차질로3분기전기동수급펀더멘털은소비량6,179천톤,공급량' (severity 0.49)"
"CU","2020-09-28","3","경계","56.73383016583795","수입편중極","[CU · 경계(Orange)] 국제 핵심광물 시장의 가격 변동성 급증 및 핵심광물 조달 일부 차질. (산출근거: 수급위기지수 57/100, 수입편중極) 관련 이벤트: 'Ÿ 상기중국경기개선과남미지역공급차질로3분기전기동수급펀더멘털은소비량6,179천톤,공급량' (severity 0.49)"
"CU","2020-10-05","3","경계","56.397915090954015","수입편중極","[CU · 경계(Orange)] 국제 핵심광물 시장의 가격 변동성 급증 및 핵심광물 조달 일부 차질. (산출근거: 수급위기지수 56/100, 수입편중極)"
"CU","2020-10-12","3","경계","56.397915090954015","수입편중極","[CU · 경계(Orange)] 국제 핵심광물 시장의 가격 변동성 급증 및 핵심광물 조달 일부 차질. (산출근거: 수급위기지수 56/100, 수입편중極)"
"CU","2020-10-19","3","경계","56.397915090954015","수입편중極","[CU · 경계(Orange)] 국제 핵심광물 시장의 가격 변동성 급증 및 핵심광물 조달 일부 차질. (산출근거: 수급위기지수 56/100, 수입편중極)"
"CU","2020-10-26","3","경계","56.397915090954015","수입편중極","[CU · 경계(Orange)] 국제 핵심광물 시장의 가격 변동성 급증 및 핵심광물 조달 일부 차질. (산출근거: 수급위기지수 56/100, 수입편중極)"
"CU","2020-11-02","3","경계","68.3697178445163","수입편중極","[CU · 경계(Orange)] 국제 핵심광물 시장의 가격 변동성 급증 및 핵심광물 조달 일부 차질. (산출근거: 수급위기지수 68/100, 수입편중極) 관련 이벤트: 'Ÿ 중국ZijinMiningGroup사의세르비아지사인ZijinBorCopper사는Bor동제련소의환경오염저감장치' (중국, severity 0.50)"
"CU","2020-11-09","3","경계","68.3697178445163","수입편중極","[CU · 경계(Orange)] 국제 핵심광물 시장의 가격 변동성 급증 및 핵심광물 조달 일부 차질. (산출근거: 수급위기지수 68/100, 수입편중極) 관련 이벤트: 'Ÿ 중국ZijinMiningGroup사의세르비아지사인ZijinBorCopper사는Bor동제련소의환경오염저감장치' (중국, severity 0.50)"
"CU","2020-11-16","3","경계","68.3697178445163","수입편중極","[CU · 경계(Orange)] 국제 핵심광물 시장의 가격 변동성 급증 및 핵심광물 조달 일부 차질. (산출근거: 수급위기지수 68/100, 수입편중極) 관련 이벤트: 'Ÿ 중국ZijinMiningGroup사의세르비아지사인ZijinBorCopper사는Bor동제련소의환경오염저감장치' (중국, severity 0.50)"
"CU","2020-11-23","3","경계","68.3697178445163","수입편중極","[CU · 경계(Orange)] 국제 핵심광물 시장의 가격 변동성 급증 및 핵심광물 조달 일부 차질. (산출근거: 수급위기지수 68/100, 수입편중極) 관련 이벤트: 'Ÿ 중국ZijinMiningGroup사의세르비아지사인ZijinBorCopper사는Bor동제련소의환경오염저감장치' (중국, severity 0.50)"
"CU","2020-11-30","3","경계","68.3697178445163","수입편중極","[CU · 경계(Orange)] 국제 핵심광물 시장의 가격 변동성 급증 및 핵심광물 조달 일부 차질. (산출근거: 수급위기지수 68/100, 수입편중極) 관련 이벤트: 'Ÿ 중국ZijinMiningGroup사의세르비아지사인ZijinBorCopper사는Bor동제련소의환경오염저감장치' (중국, severity 0.50)"
"CU","2020-12-07","3","경계","85.4277549565323","수입편중極","[CU · 경계(Orange)] 국제 핵심광물 시장의 가격 변동성 급증 및 핵심광물 조달 일부 차질. (산출근거: 수급위기지수 85/100, 수입편중極)"
"CU","2020-12-14","3","경계","85.4277549565323","수입편중極","[CU · 경계(Orange)] 국제 핵심광물 시장의 가격 변동성 급증 및 핵심광물 조달 일부 차질. (산출근거: 수급위기지수 85/100, 수입편중極)"
"CU","2020-12-21","3","경계","85.4277549565323","수입편중極","[CU · 경계(Orange)] 국제 핵심광물 시장의 가격 변동성 급증 및 핵심광물 조달 일부 차질. (산출근거: 수급위기지수 85/100, 수입편중極)"
"CU","2020-12-28","3","경계","85.4277549565323","수입편중極","[CU · 경계(Orange)] 국제 핵심광물 시장의 가격 변동성 급증 및 핵심광물 조달 일부 차질. (산출근거: 수급위기지수 85/100, 수입편중極)"
"CU","2021-01-04","3","경계","70.89684640038821","nan","[CU · 경계(Orange)] 저장·생산·공급 시설의 대형재난 발생 및 수송경로 일부 봉쇄로 인한 단기적 차질 / 국제 핵심광물 시장의 가격 변동성 급증 및 핵심광물 조달 일부 차질. (산출근거: 수급위기지수 71/100) 관련 이벤트: 'Ÿ `20년 전기동시장은미달러약세와페루,칠레의 코로나확산에따른공급차질및중국의 경기회복세에' (페루, severity 0.70)"
"CU","2021-01-11","0","정상","70.89684640038821","nan","정상 — 위기지수·변동성·지정학 트리거 모두 임계 이하."
"CU","2021-01-18","0","정상","70.89684640038821","nan","정상 — 위기지수·변동성·지정학 트리거 모두 임계 이하."
"CU","2021-01-25","0","정상","70.89684640038821","nan","정상 — 위기지수·변동성·지정학 트리거 모두 임계 이하."
"CU","2021-02-01","0","정상","82.27639364405337","nan","정상 — 위기지수·변동성·지정학 트리거 모두 임계 이하."
"CU","2021-02-08","0","정상","82.27639364405337","nan","정상 — 위기지수·변동성·지정학 트리거 모두 임계 이하."
"CU","2021-02-15","0","정상","82.27639364405337","nan","정상 — 위기지수·변동성·지정학 트리거 모두 임계 이하."
"CU","2021-02-22","0","정상","82.27639364405337","nan","정상 — 위기지수·변동성·지정학 트리거 모두 임계 이하."
"CU","2021-03-01","1","관심","90.26066327947233","nan","[CU · 관심(Blue)] 국제 핵심광물 시장의 가격 변동성 증가. (산출근거: 수급위기지수 90/100) 관련 이벤트: '잠비아는2019년제련소가동중단이슈로기저효과가나타나며전년동기대비32%증가세를기록함.중국의정련동' (severity 0.49)"
"CU","2021-03-08","1","관심","90.26066327947233","변동성급증","[CU · 관심(Blue)] 국제 핵심광물 시장의 가격 변동성 증가. (산출근거: 수급위기지수 90/100, 변동성급증) 관련 이벤트: '잠비아는2019년제련소가동중단이슈로기저효과가나타나며전년동기대비32%증가세를기록함.중국의정련동' (severity 0.49)"
"CU","2021-03-15","1","관심","90.26066327947233","변동성급증","[CU · 관심(Blue)] 국제 핵심광물 시장의 가격 변동성 증가. (산출근거: 수급위기지수 90/100, 변동성급증) 관련 이벤트: '잠비아는2019년제련소가동중단이슈로기저효과가나타나며전년동기대비32%증가세를기록함.중국의정련동' (severity 0.49)"
"CU","2021-03-22","1","관심","90.26066327947233","변동성급증","[CU · 관심(Blue)] 국제 핵심광물 시장의 가격 변동성 증가. (산출근거: 수급위기지수 90/100, 변동성급증) 관련 이벤트: '잠비아는2019년제련소가동중단이슈로기저효과가나타나며전년동기대비32%증가세를기록함.중국의정련동' (severity 0.49)"
"CU","2021-03-29","1","관심","90.26066327947233","변동성급증","[CU · 관심(Blue)] 국제 핵심광물 시장의 가격 변동성 증가. (산출근거: 수급위기지수 90/100, 변동성급증) 관련 이벤트: '잠비아는2019년제련소가동중단이슈로기저효과가나타나며전년동기대비32%증가세를기록함.중국의정련동' (severity 0.49)"
"CU","2021-04-05","2","주의","93.93752712478316","변동성급증","[CU · 주의(Yellow)] 국제 핵심광물 시장의 가격 변동성 급증. (산출근거: 수급위기지수 94/100, 변동성급증)"
"CU","2021-04-12","2","주의","93.93752712478316","변동성급증","[CU · 주의(Yellow)] 국제 핵심광물 시장의 가격 변동성 급증. (산출근거: 수급위기지수 94/100, 변동성급증)"
"CU","2021-04-19","2","주의","93.93752712478316","변동성급증","[CU · 주의(Yellow)] 국제 핵심광물 시장의 가격 변동성 급증. (산출근거: 수급위기지수 94/100, 변동성급증)"
"CU","2021-04-26","2","주의","93.93752712478316","변동성급증","[CU · 주의(Yellow)] 국제 핵심광물 시장의 가격 변동성 급증. (산출근거: 수급위기지수 94/100, 변동성급증)"
"CU","2021-05-03","3","경계","97.87520700431342","nan","[CU · 경계(Orange)] 국제 핵심광물 시장의 가격 변동성 급증 및 핵심광물 조달 일부 차질. (산출근거: 수급위기지수 98/100) 관련 이벤트: 'Spence광산의노조파업가능성제기로공급차질이슈에따른가격상승압력이심화됨.또한LME전기동재고량이' (severity 0.49)"
"CU","2021-05-10","3","경계","97.87520700431342","nan","[CU · 경계(Orange)] 국제 핵심광물 시장의 가격 변동성 급증 및 핵심광물 조달 일부 차질. (산출근거: 수급위기지수 98/100) 관련 이벤트: 'Spence광산의노조파업가능성제기로공급차질이슈에따른가격상승압력이심화됨.또한LME전기동재고량이' (severity 0.49)"
"CU","2021-05-17","3","경계","97.87520700431342","nan","[CU · 경계(Orange)] 국제 핵심광물 시장의 가격 변동성 급증 및 핵심광물 조달 일부 차질. (산출근거: 수급위기지수 98/100) 관련 이벤트: 'Spence광산의노조파업가능성제기로공급차질이슈에따른가격상승압력이심화됨.또한LME전기동재고량이' (severity 0.49)"
"CU","2021-05-24","3","경계","97.87520700431342","nan","[CU · 경계(Orange)] 국제 핵심광물 시장의 가격 변동성 급증 및 핵심광물 조달 일부 차질. (산출근거: 수급위기지수 98/100) 관련 이벤트: 'Spence광산의노조파업가능성제기로공급차질이슈에따른가격상승압력이심화됨.또한LME전기동재고량이' (severity 0.49)"
"CU","2021-05-31","3","경계","97.87520700431342","nan","[CU · 경계(Orange)] 국제 핵심광물 시장의 가격 변동성 급증 및 핵심광물 조달 일부 차질. (산출근거: 수급위기지수 98/100) 관련 이벤트: 'Spence광산의노조파업가능성제기로공급차질이슈에따른가격상승압력이심화됨.또한LME전기동재고량이' (severity 0.49)"
"CU","2021-06-07","3","경계","95.87149305391112","nan","[CU · 경계(Orange)] 국제 핵심광물 시장의 가격 변동성 급증 및 핵심광물 조달 일부 차질. (산출근거: 수급위기지수 96/100)"
"CU","2021-06-14","2","주의","95.87149305391112","nan","[CU · 주의(Yellow)] 국제 핵심광물 시장의 가격 변동성 급증. (산출근거: 수급위기지수 96/100)"
"CU","2021-06-21","2","주의","95.87149305391112","nan","[CU · 주의(Yellow)] 국제 핵심광물 시장의 가격 변동성 급증. (산출근거: 수급위기지수 96/100)"
"CU","2021-06-28","2","주의","95.87149305391112","nan","[CU · 주의(Yellow)] 국제 핵심광물 시장의 가격 변동성 급증. (산출근거: 수급위기지수 96/100)"
"CU","2021-07-05","2","주의","94.9409144457292","nan","[CU · 주의(Yellow)] 국제 핵심광물 시장의 가격 변동성 급증. (산출근거: 수급위기지수 95/100)"
"CU","2021-07-12","2","주의","94.9409144457292","nan","[CU · 주의(Yellow)] 국제 핵심광물 시장의 가격 변동성 급증. (산출근거: 수급위기지수 95/100)"
"CU","2021-07-19","2","주의","94.9409144457292","nan","[CU · 주의(Yellow)] 국제 핵심광물 시장의 가격 변동성 급증. (산출근거: 수급위기지수 95/100)"
"CU","2021-07-26","2","주의","94.9409144457292","nan","[CU · 주의(Yellow)] 국제 핵심광물 시장의 가격 변동성 급증. (산출근거: 수급위기지수 95/100)"
"CU","2021-08-02","2","주의","94.33105064191398","nan","[CU · 주의(Yellow)] 국제 핵심광물 시장의 가격 변동성 급증. (산출근거: 수급위기지수 94/100) 관련 이벤트: '‐ FreeportIndonesia(FI)는2018년12월발급된특별광업사업허가권(IUPK)에따라2023년말까지동(Copper)' (Indonesia, severity 0.50)"
"CU","2021-08-09","2","주의","94.33105064191398","nan","[CU · 주의(Yellow)] 국제 핵심광물 시장의 가격 변동성 급증. (산출근거: 수급위기지수 94/100) 관련 이벤트: '‐ FreeportIndonesia(FI)는2018년12월발급된특별광업사업허가권(IUPK)에따라2023년말까지동(Copper)' (Indonesia, severity 0.50)"
"CU","2021-08-16","2","주의","94.33105064191398","nan","[CU · 주의(Yellow)] 국제 핵심광물 시장의 가격 변동성 급증. (산출근거: 수급위기지수 94/100) 관련 이벤트: '‐ FreeportIndonesia(FI)는2018년12월발급된특별광업사업허가권(IUPK)에따라2023년말까지동(Copper)' (Indonesia, severity 0.50)"
"CU","2021-08-23","2","주의","94.33105064191398","nan","[CU · 주의(Yellow)] 국제 핵심광물 시장의 가격 변동성 급증. (산출근거: 수급위기지수 94/100) 관련 이벤트: '‐ FreeportIndonesia(FI)는2018년12월발급된특별광업사업허가권(IUPK)에따라2023년말까지동(Copper)' (Indonesia, severity 0.50)"
"CU","2021-08-30","2","주의","94.33105064191398","nan","[CU · 주의(Yellow)] 국제 핵심광물 시장의 가격 변동성 급증. (산출근거: 수급위기지수 94/100) 관련 이벤트: '‐ FreeportIndonesia(FI)는2018년12월발급된특별광업사업허가권(IUPK)에따라2023년말까지동(Copper)' (Indonesia, severity 0.50)"
"CU","2021-09-06","2","주의","94.10658909849548","nan","[CU · 주의(Yellow)] 국제 핵심광물 시장의 가격 변동성 급증. (산출근거: 수급위기지수 94/100) 관련 이벤트: 'Ÿ 현재까지칠레동광산들의생산차질은일부지역에서나타나고있으나,현지광산들은지하수를해수로대체하' (severity 0.49)"
"CU","2021-09-13","2","주의","94.10658909849548","nan","[CU · 주의(Yellow)] 국제 핵심광물 시장의 가격 변동성 급증. (산출근거: 수급위기지수 94/100) 관련 이벤트: 'Ÿ 현재까지칠레동광산들의생산차질은일부지역에서나타나고있으나,현지광산들은지하수를해수로대체하' (severity 0.49)"
"CU","2021-09-20","2","주의","94.10658909849548","nan","[CU · 주의(Yellow)] 국제 핵심광물 시장의 가격 변동성 급증. (산출근거: 수급위기지수 94/100) 관련 이벤트: 'Ÿ 현재까지칠레동광산들의생산차질은일부지역에서나타나고있으나,현지광산들은지하수를해수로대체하' (severity 0.49)"
"CU","2021-09-27","2","주의","94.10658909849548","nan","[CU · 주의(Yellow)] 국제 핵심광물 시장의 가격 변동성 급증. (산출근거: 수급위기지수 94/100) 관련 이벤트: 'Ÿ 현재까지칠레동광산들의생산차질은일부지역에서나타나고있으나,현지광산들은지하수를해수로대체하' (severity 0.49)"
"CU","2021-10-04","3","경계","96.88990310276664","nan","[CU · 경계(Orange)] 국제 핵심광물 시장의 가격 변동성 급증 및 핵심광물 조달 일부 차질. (산출근거: 수급위기지수 97/100) 관련 이벤트: 'Copper사는 광산노조와 9월초에 임금계약 조건에 합의하면서 파업이 종료됨' (severity 0.49)"
"CU","2021-10-11","3","경계","96.88990310276664","nan","[CU · 경계(Orange)] 국제 핵심광물 시장의 가격 변동성 급증 및 핵심광물 조달 일부 차질. (산출근거: 수급위기지수 97/100) 관련 이벤트: 'Copper사는 광산노조와 9월초에 임금계약 조건에 합의하면서 파업이 종료됨' (severity 0.49)"
"CU","2021-10-18","3","경계","96.88990310276664","nan","[CU · 경계(Orange)] 국제 핵심광물 시장의 가격 변동성 급증 및 핵심광물 조달 일부 차질. (산출근거: 수급위기지수 97/100) 관련 이벤트: 'Copper사는 광산노조와 9월초에 임금계약 조건에 합의하면서 파업이 종료됨' (severity 0.49)"
"CU","2021-10-25","3","경계","96.88990310276664","nan","[CU · 경계(Orange)] 국제 핵심광물 시장의 가격 변동성 급증 및 핵심광물 조달 일부 차질. (산출근거: 수급위기지수 97/100) 관련 이벤트: 'Copper사는 광산노조와 9월초에 임금계약 조건에 합의하면서 파업이 종료됨' (severity 0.49)"
"CU","2021-11-01","3","경계","96.30442753812412","nan","[CU · 경계(Orange)] 국제 핵심광물 시장의 가격 변동성 급증 및 핵심광물 조달 일부 차질. (산출근거: 수급위기지수 96/100)"
"CU","2021-11-08","2","주의","96.30442753812412","nan","[CU · 주의(Yellow)] 국제 핵심광물 시장의 가격 변동성 급증. (산출근거: 수급위기지수 96/100)"
"CU","2021-11-15","2","주의","96.30442753812412","nan","[CU · 주의(Yellow)] 국제 핵심광물 시장의 가격 변동성 급증. (산출근거: 수급위기지수 96/100)"
"CU","2021-11-22","2","주의","96.30442753812412","nan","[CU · 주의(Yellow)] 국제 핵심광물 시장의 가격 변동성 급증. (산출근거: 수급위기지수 96/100)"
"CU","2021-11-29","2","주의","96.30442753812412","nan","[CU · 주의(Yellow)] 국제 핵심광물 시장의 가격 변동성 급증. (산출근거: 수급위기지수 96/100)"
"CU","2021-12-06","3","경계","95.57946146161883","지정학0.85","[CU · 경계(Orange)] 주요 생산국의 정세불안 심화(전쟁발발, 주요시설 파괴, 추가 수출제한 등) / 국제 핵심광물 시장의 가격 변동성 급증 및 핵심광물 조달 일부 차질. (산출근거: 수급위기지수 96/100, 지정학0.85) 관련 이벤트: '■인도네시아, `23년부터 동광 수출금지 전망' (인도네시아, severity 0.85)"
"CU","2021-12-13","3","경계","95.57946146161883","지정학0.85","[CU · 경계(Orange)] 주요 생산국의 정세불안 심화(전쟁발발, 주요시설 파괴, 추가 수출제한 등) / 국제 핵심광물 시장의 가격 변동성 급증 및 핵심광물 조달 일부 차질. (산출근거: 수급위기지수 96/100, 지정학0.85) 관련 이벤트: '■인도네시아, `23년부터 동광 수출금지 전망' (인도네시아, severity 0.85)"
"CU","2021-12-20","3","경계","95.57946146161883","지정학0.85","[CU · 경계(Orange)] 주요 생산국의 정세불안 심화(전쟁발발, 주요시설 파괴, 추가 수출제한 등) / 국제 핵심광물 시장의 가격 변동성 급증 및 핵심광물 조달 일부 차질. (산출근거: 수급위기지수 96/100, 지정학0.85) 관련 이벤트: '■인도네시아, `23년부터 동광 수출금지 전망' (인도네시아, severity 0.85)"
"CU","2021-12-27","3","경계","95.57946146161883","지정학0.85","[CU · 경계(Orange)] 주요 생산국의 정세불안 심화(전쟁발발, 주요시설 파괴, 추가 수출제한 등) / 국제 핵심광물 시장의 가격 변동성 급증 및 핵심광물 조달 일부 차질. (산출근거: 수급위기지수 96/100, 지정학0.85) 관련 이벤트: '■인도네시아, `23년부터 동광 수출금지 전망' (인도네시아, severity 0.85)"
"CU","2022-01-03","3","경계","96.467185681811","지정학0.85","[CU · 경계(Orange)] 주요 생산국의 정세불안 심화(전쟁발발, 주요시설 파괴, 추가 수출제한 등) / 국제 핵심광물 시장의 가격 변동성 급증 및 핵심광물 조달 일부 차질. (산출근거: 수급위기지수 96/100, 지정학0.85) 관련 이벤트: '■ 인도네시아, `23년부터 동광 수출금지 전망으로 국내 수입리스크 대비 필요' (인도네시아, severity 0.85)"
"CU","2022-01-10","3","경계","96.467185681811","지정학0.85","[CU · 경계(Orange)] 주요 생산국의 정세불안 심화(전쟁발발, 주요시설 파괴, 추가 수출제한 등) / 국제 핵심광물 시장의 가격 변동성 급증 및 핵심광물 조달 일부 차질. (산출근거: 수급위기지수 96/100, 지정학0.85) 관련 이벤트: '■ 인도네시아, `23년부터 동광 수출금지 전망으로 국내 수입리스크 대비 필요' (인도네시아, severity 0.85)"
"CU","2022-01-17","3","경계","96.467185681811","지정학0.85","[CU · 경계(Orange)] 주요 생산국의 정세불안 심화(전쟁발발, 주요시설 파괴, 추가 수출제한 등) / 국제 핵심광물 시장의 가격 변동성 급증 및 핵심광물 조달 일부 차질. (산출근거: 수급위기지수 96/100, 지정학0.85) 관련 이벤트: '■ 인도네시아, `23년부터 동광 수출금지 전망으로 국내 수입리스크 대비 필요' (인도네시아, severity 0.85)"
"CU","2022-01-24","3","경계","96.467185681811","지정학0.85","[CU · 경계(Orange)] 주요 생산국의 정세불안 심화(전쟁발발, 주요시설 파괴, 추가 수출제한 등) / 국제 핵심광물 시장의 가격 변동성 급증 및 핵심광물 조달 일부 차질. (산출근거: 수급위기지수 96/100, 지정학0.85) 관련 이벤트: '■ 인도네시아, `23년부터 동광 수출금지 전망으로 국내 수입리스크 대비 필요' (인도네시아, severity 0.85)"
"CU","2022-01-31","3","경계","96.467185681811","지정학0.85","[CU · 경계(Orange)] 주요 생산국의 정세불안 심화(전쟁발발, 주요시설 파괴, 추가 수출제한 등) / 국제 핵심광물 시장의 가격 변동성 급증 및 핵심광물 조달 일부 차질. (산출근거: 수급위기지수 96/100, 지정학0.85) 관련 이벤트: '■ 인도네시아, `23년부터 동광 수출금지 전망으로 국내 수입리스크 대비 필요' (인도네시아, severity 0.85)"
"CU","2022-02-07","3","경계","97.2276637638894","nan","[CU · 경계(Orange)] 국제 핵심광물 시장의 가격 변동성 급증 및 핵심광물 조달 일부 차질. (산출근거: 수급위기지수 97/100)"
"CU","2022-02-14","3","경계","97.2276637638894","nan","[CU · 경계(Orange)] 국제 핵심광물 시장의 가격 변동성 급증 및 핵심광물 조달 일부 차질. (산출근거: 수급위기지수 97/100)"
"CU","2022-02-21","3","경계","97.2276637638894","nan","[CU · 경계(Orange)] 국제 핵심광물 시장의 가격 변동성 급증 및 핵심광물 조달 일부 차질. (산출근거: 수급위기지수 97/100)"
"CU","2022-02-28","3","경계","97.2276637638894","nan","[CU · 경계(Orange)] 국제 핵심광물 시장의 가격 변동성 급증 및 핵심광물 조달 일부 차질. (산출근거: 수급위기지수 97/100)"
"CU","2022-03-07","3","경계","97.88338635740496","nan","[CU · 경계(Orange)] 국제 핵심광물 시장의 가격 변동성 급증 및 핵심광물 조달 일부 차질. (산출근거: 수급위기지수 98/100)"
"CU","2022-03-14","3","경계","97.88338635740496","nan","[CU · 경계(Orange)] 국제 핵심광물 시장의 가격 변동성 급증 및 핵심광물 조달 일부 차질. (산출근거: 수급위기지수 98/100)"
"CU","2022-03-21","3","경계","97.88338635740496","nan","[CU · 경계(Orange)] 국제 핵심광물 시장의 가격 변동성 급증 및 핵심광물 조달 일부 차질. (산출근거: 수급위기지수 98/100)"
"CU","2022-03-28","3","경계","97.88338635740496","nan","[CU · 경계(Orange)] 국제 핵심광물 시장의 가격 변동성 급증 및 핵심광물 조달 일부 차질. (산출근거: 수급위기지수 98/100)"
"CU","2022-04-04","3","경계","97.17696007749583","nan","[CU · 경계(Orange)] 국제 핵심광물 시장의 가격 변동성 급증 및 핵심광물 조달 일부 차질. (산출근거: 수급위기지수 97/100) 관련 이벤트: '동광의품위저하 및100일이상지속된지역주민들의도로봉쇄에따라생산차질이발생함.지역주민들' (severity 0.49)"
"CU","2022-04-11","3","경계","97.17696007749583","nan","[CU · 경계(Orange)] 국제 핵심광물 시장의 가격 변동성 급증 및 핵심광물 조달 일부 차질. (산출근거: 수급위기지수 97/100) 관련 이벤트: '동광의품위저하 및100일이상지속된지역주민들의도로봉쇄에따라생산차질이발생함.지역주민들' (severity 0.49)"
"CU","2022-04-18","3","경계","97.17696007749583","nan","[CU · 경계(Orange)] 국제 핵심광물 시장의 가격 변동성 급증 및 핵심광물 조달 일부 차질. (산출근거: 수급위기지수 97/100) 관련 이벤트: '동광의품위저하 및100일이상지속된지역주민들의도로봉쇄에따라생산차질이발생함.지역주민들' (severity 0.49)"
"CU","2022-04-25","3","경계","97.17696007749583","nan","[CU · 경계(Orange)] 국제 핵심광물 시장의 가격 변동성 급증 및 핵심광물 조달 일부 차질. (산출근거: 수급위기지수 97/100) 관련 이벤트: '동광의품위저하 및100일이상지속된지역주민들의도로봉쇄에따라생산차질이발생함.지역주민들' (severity 0.49)"
"CU","2022-05-02","3","경계","93.5020444056738","nan","[CU · 경계(Orange)] 저장·생산·공급 시설의 대형재난 발생 및 수송경로 일부 봉쇄로 인한 단기적 차질 / 국제 핵심광물 시장의 가격 변동성 급증 및 핵심광물 조달 일부 차질. (산출근거: 수급위기지수 94/100) 관련 이벤트: 'Ÿ 페루Southern Copper사는 Couajone광산의주민저항에따른 가동중단 여파로1분기 동생산량이' (페루, severity 0.70)"
"CU","2022-05-09","2","주의","93.5020444056738","nan","[CU · 주의(Yellow)] 저장·생산·공급 시설의 재난 발생 및 수송경로 불안정성 확산으로 수급위기 발생 가능성이 있는 상태 / 국제 핵심광물 시장의 가격 변동성 급증. (산출근거: 수급위기지수 94/100) 관련 이벤트: 'Ÿ 페루Southern Copper사는 Couajone광산의주민저항에따른 가동중단 여파로1분기 동생산량이' (페루, severity 0.70)"
"CU","2022-05-16","2","주의","93.5020444056738","nan","[CU · 주의(Yellow)] 저장·생산·공급 시설의 재난 발생 및 수송경로 불안정성 확산으로 수급위기 발생 가능성이 있는 상태 / 국제 핵심광물 시장의 가격 변동성 급증. (산출근거: 수급위기지수 94/100) 관련 이벤트: 'Ÿ 페루Southern Copper사는 Couajone광산의주민저항에따른 가동중단 여파로1분기 동생산량이' (페루, severity 0.70)"
"CU","2022-05-23","2","주의","93.5020444056738","nan","[CU · 주의(Yellow)] 저장·생산·공급 시설의 재난 발생 및 수송경로 불안정성 확산으로 수급위기 발생 가능성이 있는 상태 / 국제 핵심광물 시장의 가격 변동성 급증. (산출근거: 수급위기지수 94/100) 관련 이벤트: 'Ÿ 페루Southern Copper사는 Couajone광산의주민저항에따른 가동중단 여파로1분기 동생산량이' (페루, severity 0.70)"
"CU","2022-05-30","2","주의","93.5020444056738","nan","[CU · 주의(Yellow)] 저장·생산·공급 시설의 재난 발생 및 수송경로 불안정성 확산으로 수급위기 발생 가능성이 있는 상태 / 국제 핵심광물 시장의 가격 변동성 급증. (산출근거: 수급위기지수 94/100) 관련 이벤트: 'Ÿ 페루Southern Copper사는 Couajone광산의주민저항에따른 가동중단 여파로1분기 동생산량이' (페루, severity 0.70)"
"CU","2022-06-06","2","주의","89.86614250400085","nan","[CU · 주의(Yellow)] 주요 생산국의 정세불안 증가(생산·수송시설 파괴 등으로 인한 생산차질 발생 및 부분적 수출제한) / 국제 핵심광물 시장의 가격 변동성 급증. (산출근거: 수급위기지수 90/100) 관련 이벤트: 'Ÿ 페루 Southern Copper사는 2월 Cuajone광산의 시위여파로 7주이상 가동이 중단되면서 당사의' (페루, severity 0.80)"
"CU","2022-06-13","1","관심","89.86614250400085","nan","[CU · 관심(Blue)] 주요 생산국의 정세불안(테러·폭동 등으로 인한 생산차질 및 수출제한 우려) / 국제 핵심광물 시장의 가격 변동성 증가. (산출근거: 수급위기지수 90/100) 관련 이벤트: 'Ÿ 페루 Southern Copper사는 2월 Cuajone광산의 시위여파로 7주이상 가동이 중단되면서 당사의' (페루, severity 0.80)"
"CU","2022-06-20","1","관심","89.86614250400085","nan","[CU · 관심(Blue)] 주요 생산국의 정세불안(테러·폭동 등으로 인한 생산차질 및 수출제한 우려) / 국제 핵심광물 시장의 가격 변동성 증가. (산출근거: 수급위기지수 90/100) 관련 이벤트: 'Ÿ 페루 Southern Copper사는 2월 Cuajone광산의 시위여파로 7주이상 가동이 중단되면서 당사의' (페루, severity 0.80)"
"CU","2022-06-27","1","관심","89.86614250400085","nan","[CU · 관심(Blue)] 주요 생산국의 정세불안(테러·폭동 등으로 인한 생산차질 및 수출제한 우려) / 국제 핵심광물 시장의 가격 변동성 증가. (산출근거: 수급위기지수 90/100) 관련 이벤트: 'Ÿ 페루 Southern Copper사는 2월 Cuajone광산의 시위여파로 7주이상 가동이 중단되면서 당사의' (페루, severity 0.80)"
"CU","2022-07-04","1","관심","57.07752571228904","변동성급증","[CU · 관심(Blue)] 국제 핵심광물 시장의 가격 변동성 증가. (산출근거: 수급위기지수 57/100, 변동성급증) 관련 이벤트: 'Ÿ 상기 제련소의 가동폐쇄로 인해 인도는 정련동 수급을 위해 순수출국에서 순수입국으로 전환되었으' (severity 0.49)"
"CU","2022-07-11","1","관심","57.07752571228904","변동성급증","[CU · 관심(Blue)] 국제 핵심광물 시장의 가격 변동성 증가. (산출근거: 수급위기지수 57/100, 변동성급증) 관련 이벤트: 'Ÿ 상기 제련소의 가동폐쇄로 인해 인도는 정련동 수급을 위해 순수출국에서 순수입국으로 전환되었으' (severity 0.49)"
"CU","2022-07-18","1","관심","57.07752571228904","변동성급증","[CU · 관심(Blue)] 국제 핵심광물 시장의 가격 변동성 증가. (산출근거: 수급위기지수 57/100, 변동성급증) 관련 이벤트: 'Ÿ 상기 제련소의 가동폐쇄로 인해 인도는 정련동 수급을 위해 순수출국에서 순수입국으로 전환되었으' (severity 0.49)"
"CU","2022-07-25","1","관심","57.07752571228904","변동성급증","[CU · 관심(Blue)] 국제 핵심광물 시장의 가격 변동성 증가. (산출근거: 수급위기지수 57/100, 변동성급증) 관련 이벤트: 'Ÿ 상기 제련소의 가동폐쇄로 인해 인도는 정련동 수급을 위해 순수출국에서 순수입국으로 전환되었으' (severity 0.49)"
"CU","2022-08-01","1","관심","68.90139536963773","변동성급증","[CU · 관심(Blue)] 국제 핵심광물 시장의 가격 변동성 증가. (산출근거: 수급위기지수 69/100, 변동성급증)"
"CU","2022-08-08","1","관심","68.90139536963773","변동성급증","[CU · 관심(Blue)] 국제 핵심광물 시장의 가격 변동성 증가. (산출근거: 수급위기지수 69/100, 변동성급증)"
"CU","2022-08-15","1","관심","68.90139536963773","변동성급증","[CU · 관심(Blue)] 국제 핵심광물 시장의 가격 변동성 증가. (산출근거: 수급위기지수 69/100, 변동성급증)"
"CU","2022-08-22","1","관심","68.90139536963773","변동성급증","[CU · 관심(Blue)] 국제 핵심광물 시장의 가격 변동성 증가. (산출근거: 수급위기지수 69/100, 변동성급증)"
"CU","2022-08-29","1","관심","68.90139536963773","변동성급증","[CU · 관심(Blue)] 국제 핵심광물 시장의 가격 변동성 증가. (산출근거: 수급위기지수 69/100, 변동성급증)"
"CU","2022-09-05","1","관심","62.42131213298185","변동성급증","[CU · 관심(Blue)] 국제 핵심광물 시장의 가격 변동성 증가. (산출근거: 수급위기지수 62/100, 변동성급증)"
"CU","2022-09-12","1","관심","62.42131213298185","변동성급증","[CU · 관심(Blue)] 국제 핵심광물 시장의 가격 변동성 증가. (산출근거: 수급위기지수 62/100, 변동성급증)"
"CU","2022-09-19","1","관심","62.42131213298185","변동성급증","[CU · 관심(Blue)] 국제 핵심광물 시장의 가격 변동성 증가. (산출근거: 수급위기지수 62/100, 변동성급증)"
"CU","2022-09-26","1","관심","62.42131213298185","변동성급증","[CU · 관심(Blue)] 국제 핵심광물 시장의 가격 변동성 증가. (산출근거: 수급위기지수 62/100, 변동성급증)"
"CU","2022-10-03","1","관심","59.31112449390418","nan","[CU · 관심(Blue)] 국제 핵심광물 시장의 가격 변동성 증가. (산출근거: 수급위기지수 59/100)"
"CU","2022-10-10","0","정상","59.31112449390418","nan","정상 — 위기지수·변동성·지정학 트리거 모두 임계 이하."
"CU","2022-10-17","0","정상","59.31112449390418","nan","정상 — 위기지수·변동성·지정학 트리거 모두 임계 이하."
"CU","2022-10-24","0","정상","59.31112449390418","nan","정상 — 위기지수·변동성·지정학 트리거 모두 임계 이하."
"CU","2022-10-31","0","정상","59.31112449390418","nan","정상 — 위기지수·변동성·지정학 트리거 모두 임계 이하."
"CU","2022-11-07","0","정상","70.9823662511714","nan","정상 — 위기지수·변동성·지정학 트리거 모두 임계 이하."
"CU","2022-11-14","0","정상","70.9823662511714","nan","정상 — 위기지수·변동성·지정학 트리거 모두 임계 이하."
"CU","2022-11-21","0","정상","70.9823662511714","nan","정상 — 위기지수·변동성·지정학 트리거 모두 임계 이하."
"CU","2022-11-28","0","정상","70.9823662511714","nan","정상 — 위기지수·변동성·지정학 트리거 모두 임계 이하."
"CU","2022-12-05","0","정상","79.19997147729555","nan","정상 — 위기지수·변동성·지정학 트리거 모두 임계 이하."
"CU","2022-12-12","0","정상","79.19997147729555","nan","정상 — 위기지수·변동성·지정학 트리거 모두 임계 이하."
"CU","2022-12-19","0","정상","79.19997147729555","nan","정상 — 위기지수·변동성·지정학 트리거 모두 임계 이하."
"CU","2022-12-26","0","정상","79.19997147729555","nan","정상 — 위기지수·변동성·지정학 트리거 모두 임계 이하."
"CU","2023-01-02","1","관심","88.94631225894774","nan","[CU · 관심(Blue)] 국제 핵심광물 시장의 가격 변동성 증가. (산출근거: 수급위기지수 89/100)"
"CU","2023-01-09","1","관심","88.94631225894774","nan","[CU · 관심(Blue)] 국제 핵심광물 시장의 가격 변동성 증가. (산출근거: 수급위기지수 89/100)"
"CU","2023-01-16","1","관심","88.94631225894774","nan","[CU · 관심(Blue)] 국제 핵심광물 시장의 가격 변동성 증가. (산출근거: 수급위기지수 89/100)"
"CU","2023-01-23","1","관심","88.94631225894774","nan","[CU · 관심(Blue)] 국제 핵심광물 시장의 가격 변동성 증가. (산출근거: 수급위기지수 89/100)"
"CU","2023-01-30","1","관심","88.94631225894774","nan","[CU · 관심(Blue)] 국제 핵심광물 시장의 가격 변동성 증가. (산출근거: 수급위기지수 89/100)"
"CU","2023-02-06","1","관심","87.878491911422","nan","[CU · 관심(Blue)] 국제 핵심광물 시장의 가격 변동성 증가. (산출근거: 수급위기지수 88/100) 관련 이벤트: '가회복되는가운데주요국생산차질및거래소재고량감소세로전기동가격상승압력이발생함.이에따라' (severity 0.49)"
"CU","2023-02-13","1","관심","87.878491911422","nan","[CU · 관심(Blue)] 국제 핵심광물 시장의 가격 변동성 증가. (산출근거: 수급위기지수 88/100) 관련 이벤트: '가회복되는가운데주요국생산차질및거래소재고량감소세로전기동가격상승압력이발생함.이에따라' (severity 0.49)"
"CU","2023-02-20","1","관심","87.878491911422","nan","[CU · 관심(Blue)] 국제 핵심광물 시장의 가격 변동성 증가. (산출근거: 수급위기지수 88/100) 관련 이벤트: '가회복되는가운데주요국생산차질및거래소재고량감소세로전기동가격상승압력이발생함.이에따라' (severity 0.49)"
"CU","2023-02-27","1","관심","87.878491911422","nan","[CU · 관심(Blue)] 국제 핵심광물 시장의 가격 변동성 증가. (산출근거: 수급위기지수 88/100) 관련 이벤트: '가회복되는가운데주요국생산차질및거래소재고량감소세로전기동가격상승압력이발생함.이에따라' (severity 0.49)"
"CU","2023-03-06","1","관심","86.49613552875465","nan","[CU · 관심(Blue)] 국제 핵심광물 시장의 가격 변동성 증가. (산출근거: 수급위기지수 86/100) 관련 이벤트: '지속되면서달러강세화에따른위험자산기피심리및공급차질우려완화로전기동가격하방압력이발생함' (severity 0.49)"
"CU","2023-03-13","1","관심","86.49613552875465","nan","[CU · 관심(Blue)] 국제 핵심광물 시장의 가격 변동성 증가. (산출근거: 수급위기지수 86/100) 관련 이벤트: '지속되면서달러강세화에따른위험자산기피심리및공급차질우려완화로전기동가격하방압력이발생함' (severity 0.49)"
"CU","2023-03-20","1","관심","86.49613552875465","nan","[CU · 관심(Blue)] 국제 핵심광물 시장의 가격 변동성 증가. (산출근거: 수급위기지수 86/100) 관련 이벤트: '지속되면서달러강세화에따른위험자산기피심리및공급차질우려완화로전기동가격하방압력이발생함' (severity 0.49)"
"CU","2023-03-27","1","관심","86.49613552875465","nan","[CU · 관심(Blue)] 국제 핵심광물 시장의 가격 변동성 증가. (산출근거: 수급위기지수 86/100) 관련 이벤트: '지속되면서달러강세화에따른위험자산기피심리및공급차질우려완화로전기동가격하방압력이발생함' (severity 0.49)"
"CU","2023-04-03","1","관심","86.28672360060847","nan","[CU · 관심(Blue)] 국제 핵심광물 시장의 가격 변동성 증가. (산출근거: 수급위기지수 86/100)"
"CU","2023-04-10","1","관심","86.28672360060847","nan","[CU · 관심(Blue)] 국제 핵심광물 시장의 가격 변동성 증가. (산출근거: 수급위기지수 86/100)"
"CU","2023-04-17","1","관심","86.28672360060847","nan","[CU · 관심(Blue)] 국제 핵심광물 시장의 가격 변동성 증가. (산출근거: 수급위기지수 86/100)"
"CU","2023-04-24","1","관심","86.28672360060847","nan","[CU · 관심(Blue)] 국제 핵심광물 시장의 가격 변동성 증가. (산출근거: 수급위기지수 86/100)"
"CU","2023-05-01","1","관심","74.19314520113092","nan","[CU · 관심(Blue)] 주요 생산국의 정세불안(테러·폭동 등으로 인한 생산차질 및 수출제한 우려) / 국제 핵심광물 시장의 가격 변동성 증가. (산출근거: 수급위기지수 74/100) 관련 이벤트: '중국은 호주와의 정치적 갈등이 심화되면서 호주산 석탄, 동광, 보리 등에 대한 비공식적 금수조치를' (severity 0.63)"
"CU","2023-05-08","0","정상","74.19314520113092","nan","정상 — 위기지수·변동성·지정학 트리거 모두 임계 이하."
"CU","2023-05-15","0","정상","74.19314520113092","nan","정상 — 위기지수·변동성·지정학 트리거 모두 임계 이하."
"CU","2023-05-22","0","정상","74.19314520113092","nan","정상 — 위기지수·변동성·지정학 트리거 모두 임계 이하."
"CU","2023-05-29","0","정상","74.19314520113092","nan","정상 — 위기지수·변동성·지정학 트리거 모두 임계 이하."
"CU","2023-06-05","0","정상","77.81504051425185","nan","정상 — 위기지수·변동성·지정학 트리거 모두 임계 이하."
"CU","2023-06-12","0","정상","77.81504051425185","nan","정상 — 위기지수·변동성·지정학 트리거 모두 임계 이하."
"CU","2023-06-19","0","정상","77.81504051425185","nan","정상 — 위기지수·변동성·지정학 트리거 모두 임계 이하."
"CU","2023-06-26","0","정상","77.81504051425185","nan","정상 — 위기지수·변동성·지정학 트리거 모두 임계 이하."
"CU","2023-07-03","0","정상","79.7245446148201","nan","정상 — 위기지수·변동성·지정학 트리거 모두 임계 이하."
"CU","2023-07-10","0","정상","79.7245446148201","nan","정상 — 위기지수·변동성·지정학 트리거 모두 임계 이하."
"CU","2023-07-17","0","정상","79.7245446148201","nan","정상 — 위기지수·변동성·지정학 트리거 모두 임계 이하."
"CU","2023-07-24","0","정상","79.7245446148201","nan","정상 — 위기지수·변동성·지정학 트리거 모두 임계 이하."
"CU","2023-07-31","0","정상","79.7245446148201","nan","정상 — 위기지수·변동성·지정학 트리거 모두 임계 이하."
"CU","2023-08-07","0","정상","77.46885226166395","nan","정상 — 위기지수·변동성·지정학 트리거 모두 임계 이하."
"CU","2023-08-14","0","정상","77.46885226166395","nan","정상 — 위기지수·변동성·지정학 트리거 모두 임계 이하."
"CU","2023-08-21","0","정상","77.46885226166395","nan","정상 — 위기지수·변동성·지정학 트리거 모두 임계 이하."
"CU","2023-08-28","0","정상","77.46885226166395","nan","정상 — 위기지수·변동성·지정학 트리거 모두 임계 이하."
"CU","2023-09-04","0","정상","75.73283698784252","nan","정상 — 위기지수·변동성·지정학 트리거 모두 임계 이하."
"CU","2023-09-11","0","정상","75.73283698784252","nan","정상 — 위기지수·변동성·지정학 트리거 모두 임계 이하."
"CU","2023-09-18","0","정상","75.73283698784252","nan","정상 — 위기지수·변동성·지정학 트리거 모두 임계 이하."
"CU","2023-09-25","0","정상","75.73283698784252","nan","정상 — 위기지수·변동성·지정학 트리거 모두 임계 이하."
"CU","2023-10-02","0","정상","66.79252356185278","nan","정상 — 위기지수·변동성·지정학 트리거 모두 임계 이하."
"CU","2023-10-09","0","정상","66.79252356185278","nan","정상 — 위기지수·변동성·지정학 트리거 모두 임계 이하."
"CU","2023-10-16","0","정상","66.79252356185278","nan","정상 — 위기지수·변동성·지정학 트리거 모두 임계 이하."
"CU","2023-10-23","0","정상","66.79252356185278","nan","정상 — 위기지수·변동성·지정학 트리거 모두 임계 이하."
"CU","2023-10-30","0","정상","66.79252356185278","nan","정상 — 위기지수·변동성·지정학 트리거 모두 임계 이하."
"CU","2023-11-06","0","정상","73.32127003347887","nan","정상 — 위기지수·변동성·지정학 트리거 모두 임계 이하."
"CU","2023-11-13","0","정상","73.32127003347887","nan","정상 — 위기지수·변동성·지정학 트리거 모두 임계 이하."
"CU","2023-11-20","0","정상","73.32127003347887","nan","정상 — 위기지수·변동성·지정학 트리거 모두 임계 이하."
"CU","2023-11-27","0","정상","73.32127003347887","nan","정상 — 위기지수·변동성·지정학 트리거 모두 임계 이하."
"CU","2023-12-04","0","정상","78.67260197857537","nan","정상 — 위기지수·변동성·지정학 트리거 모두 임계 이하."
"CU","2023-12-11","0","정상","78.67260197857537","nan","정상 — 위기지수·변동성·지정학 트리거 모두 임계 이하."
"CU","2023-12-18","0","정상","78.67260197857537","nan","정상 — 위기지수·변동성·지정학 트리거 모두 임계 이하."
"CU","2023-12-25","0","정상","78.67260197857537","nan","정상 — 위기지수·변동성·지정학 트리거 모두 임계 이하."
"CU","2024-01-01","0","정상","77.07146389656162","nan","정상 — 위기지수·변동성·지정학 트리거 모두 임계 이하."
"CU","2024-01-08","0","정상","77.07146389656162","nan","정상 — 위기지수·변동성·지정학 트리거 모두 임계 이하."
"CU","2024-01-15","0","정상","77.07146389656162","nan","정상 — 위기지수·변동성·지정학 트리거 모두 임계 이하."
"CU","2024-01-22","0","정상","77.07146389656162","nan","정상 — 위기지수·변동성·지정학 트리거 모두 임계 이하."
"CU","2024-01-29","0","정상","77.07146389656162","nan","정상 — 위기지수·변동성·지정학 트리거 모두 임계 이하."
"CU","2024-02-05","0","정상","75.81459383926142","nan","정상 — 위기지수·변동성·지정학 트리거 모두 임계 이하."
"CU","2024-02-12","0","정상","75.81459383926142","nan","정상 — 위기지수·변동성·지정학 트리거 모두 임계 이하."
"CU","2024-02-19","0","정상","75.81459383926142","nan","정상 — 위기지수·변동성·지정학 트리거 모두 임계 이하."
"CU","2024-02-26","0","정상","75.81459383926142","nan","정상 — 위기지수·변동성·지정학 트리거 모두 임계 이하."
"CU","2024-03-04","0","정상","82.81040543300092","nan","정상 — 위기지수·변동성·지정학 트리거 모두 임계 이하."
"CU","2024-03-11","0","정상","82.81040543300092","nan","정상 — 위기지수·변동성·지정학 트리거 모두 임계 이하."
"CU","2024-03-18","0","정상","82.81040543300092","nan","정상 — 위기지수·변동성·지정학 트리거 모두 임계 이하."
"CU","2024-03-25","0","정상","82.81040543300092","nan","정상 — 위기지수·변동성·지정학 트리거 모두 임계 이하."
"CU","2024-04-01","2","주의","92.68404222654868","nan","[CU · 주의(Yellow)] 국제 핵심광물 시장의 가격 변동성 급증. (산출근거: 수급위기지수 93/100) 관련 이벤트: '상실함.지난 2월Para州 환경부는Onca Puma 광산뿐만아니라Sossego동광산또한 운영허가를' (severity 0.35)"
"CU","2024-04-08","2","주의","92.68404222654868","nan","[CU · 주의(Yellow)] 국제 핵심광물 시장의 가격 변동성 급증. (산출근거: 수급위기지수 93/100) 관련 이벤트: '상실함.지난 2월Para州 환경부는Onca Puma 광산뿐만아니라Sossego동광산또한 운영허가를' (severity 0.35)"
"CU","2024-04-15","2","주의","92.68404222654868","nan","[CU · 주의(Yellow)] 국제 핵심광물 시장의 가격 변동성 급증. (산출근거: 수급위기지수 93/100) 관련 이벤트: '상실함.지난 2월Para州 환경부는Onca Puma 광산뿐만아니라Sossego동광산또한 운영허가를' (severity 0.35)"
"CU","2024-04-22","2","주의","92.68404222654868","nan","[CU · 주의(Yellow)] 국제 핵심광물 시장의 가격 변동성 급증. (산출근거: 수급위기지수 93/100) 관련 이벤트: '상실함.지난 2월Para州 환경부는Onca Puma 광산뿐만아니라Sossego동광산또한 운영허가를' (severity 0.35)"
"CU","2024-04-29","2","주의","92.68404222654868","nan","[CU · 주의(Yellow)] 국제 핵심광물 시장의 가격 변동성 급증. (산출근거: 수급위기지수 93/100) 관련 이벤트: '상실함.지난 2월Para州 환경부는Onca Puma 광산뿐만아니라Sossego동광산또한 운영허가를' (severity 0.35)"
"CU","2024-05-06","3","경계","96.48241995260278","nan","[CU · 경계(Orange)] 국제 핵심광물 시장의 가격 변동성 급증 및 핵심광물 조달 일부 차질. (산출근거: 수급위기지수 96/100) 관련 이벤트: '• 중국의1분기전기동생산은정광공급부족에따른제련소감산에도불구하고전년대비6.2%증가하였으' (severity 0.49)"
"CU","2024-05-13","3","경계","96.48241995260278","nan","[CU · 경계(Orange)] 국제 핵심광물 시장의 가격 변동성 급증 및 핵심광물 조달 일부 차질. (산출근거: 수급위기지수 96/100) 관련 이벤트: '• 중국의1분기전기동생산은정광공급부족에따른제련소감산에도불구하고전년대비6.2%증가하였으' (severity 0.49)"
"CU","2024-05-20","3","경계","96.48241995260278","nan","[CU · 경계(Orange)] 국제 핵심광물 시장의 가격 변동성 급증 및 핵심광물 조달 일부 차질. (산출근거: 수급위기지수 96/100) 관련 이벤트: '• 중국의1분기전기동생산은정광공급부족에따른제련소감산에도불구하고전년대비6.2%증가하였으' (severity 0.49)"
"CU","2024-05-27","3","경계","96.48241995260278","nan","[CU · 경계(Orange)] 국제 핵심광물 시장의 가격 변동성 급증 및 핵심광물 조달 일부 차질. (산출근거: 수급위기지수 96/100) 관련 이벤트: '• 중국의1분기전기동생산은정광공급부족에따른제련소감산에도불구하고전년대비6.2%증가하였으' (severity 0.49)"
"CU","2024-06-03","3","경계","92.8426564849054","nan","[CU · 경계(Orange)] 국제 핵심광물 시장의 가격 변동성 급증 및 핵심광물 조달 일부 차질. (산출근거: 수급위기지수 93/100) 관련 이벤트: '• Southern Copper社는그동안환경문제에따른시위로중단되었던페루Tia Maria 광산건설을금년' (severity 0.56)"
"CU","2024-06-10","2","주의","92.8426564849054","nan","[CU · 주의(Yellow)] 국제 핵심광물 시장의 가격 변동성 급증. (산출근거: 수급위기지수 93/100) 관련 이벤트: '• Southern Copper社는그동안환경문제에따른시위로중단되었던페루Tia Maria 광산건설을금년' (severity 0.56)"
"CU","2024-06-17","2","주의","92.8426564849054","nan","[CU · 주의(Yellow)] 국제 핵심광물 시장의 가격 변동성 급증. (산출근거: 수급위기지수 93/100) 관련 이벤트: '• Southern Copper社는그동안환경문제에따른시위로중단되었던페루Tia Maria 광산건설을금년' (severity 0.56)"
"CU","2024-06-24","2","주의","92.8426564849054","nan","[CU · 주의(Yellow)] 국제 핵심광물 시장의 가격 변동성 급증. (산출근거: 수급위기지수 93/100) 관련 이벤트: '• Southern Copper社는그동안환경문제에따른시위로중단되었던페루Tia Maria 광산건설을금년' (severity 0.56)"
"CU","2024-07-01","2","주의","89.98504190835547","nan","[CU · 주의(Yellow)] 국제 핵심광물 시장의 가격 변동성 급증. (산출근거: 수급위기지수 90/100)"
"CU","2024-07-08","1","관심","89.98504190835547","nan","[CU · 관심(Blue)] 국제 핵심광물 시장의 가격 변동성 증가. (산출근거: 수급위기지수 90/100)"
"CU","2024-07-15","1","관심","89.98504190835547","nan","[CU · 관심(Blue)] 국제 핵심광물 시장의 가격 변동성 증가. (산출근거: 수급위기지수 90/100)"
"CU","2024-07-22","1","관심","89.98504190835547","nan","[CU · 관심(Blue)] 국제 핵심광물 시장의 가격 변동성 증가. (산출근거: 수급위기지수 90/100)"
"CU","2024-07-29","1","관심","89.98504190835547","nan","[CU · 관심(Blue)] 국제 핵심광물 시장의 가격 변동성 증가. (산출근거: 수급위기지수 90/100)"
"CU","2024-08-05","1","관심","83.41297510979872","nan","[CU · 관심(Blue)] 국제 핵심광물 시장의 가격 변동성 증가. (산출근거: 수급위기지수 83/100)"
"CU","2024-08-12","0","정상","83.41297510979872","nan","정상 — 위기지수·변동성·지정학 트리거 모두 임계 이하."
"CU","2024-08-19","0","정상","83.41297510979872","nan","정상 — 위기지수·변동성·지정학 트리거 모두 임계 이하."
"CU","2024-08-26","0","정상","83.41297510979872","nan","정상 — 위기지수·변동성·지정학 트리거 모두 임계 이하."
"CU","2024-09-02","1","관심","87.33295000215968","nan","[CU · 관심(Blue)] 국제 핵심광물 시장의 가격 변동성 증가. (산출근거: 수급위기지수 87/100) 관련 이벤트: '• Lundin Mining社가 칠레Caserones 동광산노조와단체협약에성공함에따라2주에걸친파업이8월' (severity 0.49)"
"CU","2024-09-09","1","관심","87.33295000215968","nan","[CU · 관심(Blue)] 국제 핵심광물 시장의 가격 변동성 증가. (산출근거: 수급위기지수 87/100) 관련 이벤트: '• Lundin Mining社가 칠레Caserones 동광산노조와단체협약에성공함에따라2주에걸친파업이8월' (severity 0.49)"
"CU","2024-09-16","1","관심","87.33295000215968","nan","[CU · 관심(Blue)] 국제 핵심광물 시장의 가격 변동성 증가. (산출근거: 수급위기지수 87/100) 관련 이벤트: '• Lundin Mining社가 칠레Caserones 동광산노조와단체협약에성공함에따라2주에걸친파업이8월' (severity 0.49)"
"CU","2024-09-23","1","관심","87.33295000215968","nan","[CU · 관심(Blue)] 국제 핵심광물 시장의 가격 변동성 증가. (산출근거: 수급위기지수 87/100) 관련 이벤트: '• Lundin Mining社가 칠레Caserones 동광산노조와단체협약에성공함에따라2주에걸친파업이8월' (severity 0.49)"
"CU","2024-09-30","1","관심","87.33295000215968","nan","[CU · 관심(Blue)] 국제 핵심광물 시장의 가격 변동성 증가. (산출근거: 수급위기지수 87/100) 관련 이벤트: '• Lundin Mining社가 칠레Caserones 동광산노조와단체협약에성공함에따라2주에걸친파업이8월' (severity 0.49)"
"CU","2024-10-07","1","관심","89.94535820748011","nan","[CU · 관심(Blue)] 국제 핵심광물 시장의 가격 변동성 증가. (산출근거: 수급위기지수 90/100)"
"CU","2024-10-14","1","관심","89.94535820748011","nan","[CU · 관심(Blue)] 국제 핵심광물 시장의 가격 변동성 증가. (산출근거: 수급위기지수 90/100)"
"CU","2024-10-21","1","관심","89.94535820748011","nan","[CU · 관심(Blue)] 국제 핵심광물 시장의 가격 변동성 증가. (산출근거: 수급위기지수 90/100)"
"CU","2024-10-28","1","관심","89.94535820748011","nan","[CU · 관심(Blue)] 국제 핵심광물 시장의 가격 변동성 증가. (산출근거: 수급위기지수 90/100)"
"CU","2024-11-04","1","관심","82.37313703061717","nan","[CU · 관심(Blue)] 국제 핵심광물 시장의 가격 변동성 증가. (산출근거: 수급위기지수 82/100)"
"CU","2024-11-11","0","정상","82.37313703061717","nan","정상 — 위기지수·변동성·지정학 트리거 모두 임계 이하."
"CU","2024-11-18","0","정상","82.37313703061717","nan","정상 — 위기지수·변동성·지정학 트리거 모두 임계 이하."
"CU","2024-11-25","0","정상","82.37313703061717","nan","정상 — 위기지수·변동성·지정학 트리거 모두 임계 이하."
"CU","2024-12-02","0","정상","78.34124012606424","nan","정상 — 위기지수·변동성·지정학 트리거 모두 임계 이하."
"CU","2024-12-09","0","정상","78.34124012606424","nan","정상 — 위기지수·변동성·지정학 트리거 모두 임계 이하."
"CU","2024-12-16","0","정상","78.34124012606424","nan","정상 — 위기지수·변동성·지정학 트리거 모두 임계 이하."
"CU","2024-12-23","0","정상","78.34124012606424","nan","정상 — 위기지수·변동성·지정학 트리거 모두 임계 이하."
"CU","2024-12-30","0","정상","78.34124012606424","nan","정상 — 위기지수·변동성·지정학 트리거 모두 임계 이하."
"CU","2025-01-06","0","정상","72.66974426943591","nan","정상 — 위기지수·변동성·지정학 트리거 모두 임계 이하."
"CU","2025-01-13","0","정상","72.66974426943591","nan","정상 — 위기지수·변동성·지정학 트리거 모두 임계 이하."
"CU","2025-01-20","0","정상","72.66974426943591","nan","정상 — 위기지수·변동성·지정학 트리거 모두 임계 이하."
"CU","2025-01-27","0","정상","72.66974426943591","nan","정상 — 위기지수·변동성·지정학 트리거 모두 임계 이하."
"CU","2025-02-03","0","정상","78.84814260158188","nan","정상 — 위기지수·변동성·지정학 트리거 모두 임계 이하."
"CU","2025-02-10","0","정상","78.84814260158188","nan","정상 — 위기지수·변동성·지정학 트리거 모두 임계 이하."
"CU","2025-02-17","0","정상","78.84814260158188","nan","정상 — 위기지수·변동성·지정학 트리거 모두 임계 이하."
"CU","2025-02-24","0","정상","78.84814260158188","nan","정상 — 위기지수·변동성·지정학 트리거 모두 임계 이하."
"CU","2025-03-03","1","관심","85.36409527843735","nan","[CU · 관심(Blue)] 주요 생산국의 정세불안(테러·폭동 등으로 인한 생산차질 및 수출제한 우려) / 국제 핵심광물 시장의 가격 변동성 증가. (산출근거: 수급위기지수 85/100) 관련 이벤트: '- (미국 관세 이슈 영향 ③ : 중국 구리 수입 차질) 미국 내 구리 가격 및 실물프리미엄' (중국, severity 0.60)"
"CU","2025-03-10","1","관심","85.36409527843735","nan","[CU · 관심(Blue)] 주요 생산국의 정세불안(테러·폭동 등으로 인한 생산차질 및 수출제한 우려) / 국제 핵심광물 시장의 가격 변동성 증가. (산출근거: 수급위기지수 85/100) 관련 이벤트: '- (미국 관세 이슈 영향 ③ : 중국 구리 수입 차질) 미국 내 구리 가격 및 실물프리미엄' (중국, severity 0.60)"
"CU","2025-03-17","1","관심","85.36409527843735","nan","[CU · 관심(Blue)] 주요 생산국의 정세불안(테러·폭동 등으로 인한 생산차질 및 수출제한 우려) / 국제 핵심광물 시장의 가격 변동성 증가. (산출근거: 수급위기지수 85/100) 관련 이벤트: '- (미국 관세 이슈 영향 ③ : 중국 구리 수입 차질) 미국 내 구리 가격 및 실물프리미엄' (중국, severity 0.60)"
"CU","2025-03-24","1","관심","85.36409527843735","nan","[CU · 관심(Blue)] 주요 생산국의 정세불안(테러·폭동 등으로 인한 생산차질 및 수출제한 우려) / 국제 핵심광물 시장의 가격 변동성 증가. (산출근거: 수급위기지수 85/100) 관련 이벤트: '- (미국 관세 이슈 영향 ③ : 중국 구리 수입 차질) 미국 내 구리 가격 및 실물프리미엄' (중국, severity 0.60)"
"CU","2025-03-31","1","관심","85.36409527843735","nan","[CU · 관심(Blue)] 주요 생산국의 정세불안(테러·폭동 등으로 인한 생산차질 및 수출제한 우려) / 국제 핵심광물 시장의 가격 변동성 증가. (산출근거: 수급위기지수 85/100) 관련 이벤트: '- (미국 관세 이슈 영향 ③ : 중국 구리 수입 차질) 미국 내 구리 가격 및 실물프리미엄' (중국, severity 0.60)"
"CU","2025-04-07","1","관심","75.19481956286272","nan","[CU · 관심(Blue)] 주요 생산국의 정세불안(테러·폭동 등으로 인한 생산차질 및 수출제한 우려) / 국제 핵심광물 시장의 가격 변동성 증가. (산출근거: 수급위기지수 75/100) 관련 이벤트: '무역분쟁 우려에도 불구하고 중국 구리 수요는 견조한 것으로 평가됨 (SMM, Bloomberg)' (중국, severity 0.80)"
"CU","2025-04-14","0","정상","75.19481956286272","nan","정상 — 위기지수·변동성·지정학 트리거 모두 임계 이하."
"CU","2025-04-21","1","관심","75.19481956286272","변동성급증","[CU · 관심(Blue)] 주요 생산국의 정세불안(테러·폭동 등으로 인한 생산차질 및 수출제한 우려) / 국제 핵심광물 시장의 가격 변동성 증가. (산출근거: 수급위기지수 75/100, 변동성급증) 관련 이벤트: '무역분쟁 우려에도 불구하고 중국 구리 수요는 견조한 것으로 평가됨 (SMM, Bloomberg)' (중국, severity 0.80)"
"CU","2025-04-28","1","관심","75.19481956286272","nan","[CU · 관심(Blue)] 주요 생산국의 정세불안(테러·폭동 등으로 인한 생산차질 및 수출제한 우려) / 국제 핵심광물 시장의 가격 변동성 증가. (산출근거: 수급위기지수 75/100) 관련 이벤트: '무역분쟁 우려에도 불구하고 중국 구리 수요는 견조한 것으로 평가됨 (SMM, Bloomberg)' (중국, severity 0.80)"
"CU","2025-05-05","0","정상","80.94841084561483","nan","정상 — 위기지수·변동성·지정학 트리거 모두 임계 이하."
"CU","2025-05-12","0","정상","80.94841084561483","nan","정상 — 위기지수·변동성·지정학 트리거 모두 임계 이하."
"CU","2025-05-19","0","정상","80.94841084561483","nan","정상 — 위기지수·변동성·지정학 트리거 모두 임계 이하."
"CU","2025-05-26","0","정상","80.94841084561483","nan","정상 — 위기지수·변동성·지정학 트리거 모두 임계 이하."
"CU","2025-06-02","1","관심","85.1554931228361","nan","[CU · 관심(Blue)] 주요 생산국의 정세불안(테러·폭동 등으로 인한 생산차질 및 수출제한 우려) / 국제 핵심광물 시장의 가격 변동성 증가. (산출근거: 수급위기지수 85/100) 관련 이벤트: '• 미국의동수입관세우려로선제적 수요가확대되어5월 중미국NYMEX의 전기동가격이영국LME' (미국, severity 0.60)"
"CU","2025-06-09","1","관심","85.1554931228361","nan","[CU · 관심(Blue)] 주요 생산국의 정세불안(테러·폭동 등으로 인한 생산차질 및 수출제한 우려) / 국제 핵심광물 시장의 가격 변동성 증가. (산출근거: 수급위기지수 85/100) 관련 이벤트: '• 미국의동수입관세우려로선제적 수요가확대되어5월 중미국NYMEX의 전기동가격이영국LME' (미국, severity 0.60)"
"CU","2025-06-16","1","관심","85.1554931228361","nan","[CU · 관심(Blue)] 주요 생산국의 정세불안(테러·폭동 등으로 인한 생산차질 및 수출제한 우려) / 국제 핵심광물 시장의 가격 변동성 증가. (산출근거: 수급위기지수 85/100) 관련 이벤트: '• 미국의동수입관세우려로선제적 수요가확대되어5월 중미국NYMEX의 전기동가격이영국LME' (미국, severity 0.60)"
"CU","2025-06-23","1","관심","85.1554931228361","nan","[CU · 관심(Blue)] 주요 생산국의 정세불안(테러·폭동 등으로 인한 생산차질 및 수출제한 우려) / 국제 핵심광물 시장의 가격 변동성 증가. (산출근거: 수급위기지수 85/100) 관련 이벤트: '• 미국의동수입관세우려로선제적 수요가확대되어5월 중미국NYMEX의 전기동가격이영국LME' (미국, severity 0.60)"
"CU","2025-06-30","1","관심","85.1554931228361","nan","[CU · 관심(Blue)] 주요 생산국의 정세불안(테러·폭동 등으로 인한 생산차질 및 수출제한 우려) / 국제 핵심광물 시장의 가격 변동성 증가. (산출근거: 수급위기지수 85/100) 관련 이벤트: '• 미국의동수입관세우려로선제적 수요가확대되어5월 중미국NYMEX의 전기동가격이영국LME' (미국, severity 0.60)"
"CU","2025-07-07","1","관심","83.32268539444772","nan","[CU · 관심(Blue)] 주요 생산국의 정세불안(테러·폭동 등으로 인한 생산차질 및 수출제한 우려) / 국제 핵심광물 시장의 가격 변동성 증가. (산출근거: 수급위기지수 83/100) 관련 이벤트: '- (미국 50% 관세 발표 영향 ③) 관세 영향에도 미국 구리 시장은 광석 채굴 및 제련량을' (미국, severity 0.60)"
"CU","2025-07-14","0","정상","83.32268539444772","nan","정상 — 위기지수·변동성·지정학 트리거 모두 임계 이하."
"CU","2025-07-21","0","정상","83.32268539444772","nan","정상 — 위기지수·변동성·지정학 트리거 모두 임계 이하."
"CU","2025-07-28","0","정상","83.32268539444772","nan","정상 — 위기지수·변동성·지정학 트리거 모두 임계 이하."
"CU","2025-08-04","0","정상","80.11866109177046","nan","정상 — 위기지수·변동성·지정학 트리거 모두 임계 이하."
"CU","2025-08-11","0","정상","80.11866109177046","nan","정상 — 위기지수·변동성·지정학 트리거 모두 임계 이하."
"CU","2025-08-18","0","정상","80.11866109177046","nan","정상 — 위기지수·변동성·지정학 트리거 모두 임계 이하."
"CU","2025-08-25","0","정상","80.11866109177046","nan","정상 — 위기지수·변동성·지정학 트리거 모두 임계 이하."
"CU","2025-09-01","1","관심","84.18136515223753","nan","[CU · 관심(Blue)] 주요 생산국의 정세불안(테러·폭동 등으로 인한 생산차질 및 수출제한 우려) / 국제 핵심광물 시장의 가격 변동성 증가. (산출근거: 수급위기지수 84/100) 관련 이벤트: '(수요) 중국 경기부진·디플레이션 우려 및 미국의 전기동 관세부과 연기로 투자 수요 둔화' (중국, severity 0.60)"
"CU","2025-09-08","1","관심","84.18136515223753","nan","[CU · 관심(Blue)] 주요 생산국의 정세불안(테러·폭동 등으로 인한 생산차질 및 수출제한 우려) / 국제 핵심광물 시장의 가격 변동성 증가. (산출근거: 수급위기지수 84/100) 관련 이벤트: '(수요) 중국 경기부진·디플레이션 우려 및 미국의 전기동 관세부과 연기로 투자 수요 둔화' (중국, severity 0.60)"
"CU","2025-09-15","1","관심","84.18136515223753","nan","[CU · 관심(Blue)] 주요 생산국의 정세불안(테러·폭동 등으로 인한 생산차질 및 수출제한 우려) / 국제 핵심광물 시장의 가격 변동성 증가. (산출근거: 수급위기지수 84/100) 관련 이벤트: '(수요) 중국 경기부진·디플레이션 우려 및 미국의 전기동 관세부과 연기로 투자 수요 둔화' (중국, severity 0.60)"
"CU","2025-09-22","1","관심","84.18136515223753","nan","[CU · 관심(Blue)] 주요 생산국의 정세불안(테러·폭동 등으로 인한 생산차질 및 수출제한 우려) / 국제 핵심광물 시장의 가격 변동성 증가. (산출근거: 수급위기지수 84/100) 관련 이벤트: '(수요) 중국 경기부진·디플레이션 우려 및 미국의 전기동 관세부과 연기로 투자 수요 둔화' (중국, severity 0.60)"
"CU","2025-09-29","1","관심","84.18136515223753","nan","[CU · 관심(Blue)] 주요 생산국의 정세불안(테러·폭동 등으로 인한 생산차질 및 수출제한 우려) / 국제 핵심광물 시장의 가격 변동성 증가. (산출근거: 수급위기지수 84/100) 관련 이벤트: '(수요) 중국 경기부진·디플레이션 우려 및 미국의 전기동 관세부과 연기로 투자 수요 둔화' (중국, severity 0.60)"
"CU","2025-10-06","1","관심","92.10793045416084","nan","[CU · 관심(Blue)] 주요 생산국의 정세불안(테러·폭동 등으로 인한 생산차질 및 수출제한 우려) / 국제 핵심광물 시장의 가격 변동성 증가. (산출근거: 수급위기지수 92/100) 관련 이벤트: '• (미국) 정련동 수입 관세 유예 조치 및 미 연준의 9월 금리인하에 따른 유동성 확대로 위험자산 투자' (미국, severity 0.60)"
"CU","2025-10-13","1","관심","92.10793045416084","nan","[CU · 관심(Blue)] 주요 생산국의 정세불안(테러·폭동 등으로 인한 생산차질 및 수출제한 우려) / 국제 핵심광물 시장의 가격 변동성 증가. (산출근거: 수급위기지수 92/100) 관련 이벤트: '• (미국) 정련동 수입 관세 유예 조치 및 미 연준의 9월 금리인하에 따른 유동성 확대로 위험자산 투자' (미국, severity 0.60)"
"CU","2025-10-20","1","관심","92.10793045416084","nan","[CU · 관심(Blue)] 주요 생산국의 정세불안(테러·폭동 등으로 인한 생산차질 및 수출제한 우려) / 국제 핵심광물 시장의 가격 변동성 증가. (산출근거: 수급위기지수 92/100) 관련 이벤트: '• (미국) 정련동 수입 관세 유예 조치 및 미 연준의 9월 금리인하에 따른 유동성 확대로 위험자산 투자' (미국, severity 0.60)"
"CU","2025-10-27","1","관심","92.10793045416084","nan","[CU · 관심(Blue)] 주요 생산국의 정세불안(테러·폭동 등으로 인한 생산차질 및 수출제한 우려) / 국제 핵심광물 시장의 가격 변동성 증가. (산출근거: 수급위기지수 92/100) 관련 이벤트: '• (미국) 정련동 수입 관세 유예 조치 및 미 연준의 9월 금리인하에 따른 유동성 확대로 위험자산 투자' (미국, severity 0.60)"
"CU","2025-11-03","1","관심","92.23060377730842","nan","[CU · 관심(Blue)] 주요 생산국의 정세불안(테러·폭동 등으로 인한 생산차질 및 수출제한 우려) / 국제 핵심광물 시장의 가격 변동성 증가. (산출근거: 수급위기지수 92/100) 관련 이벤트: '미국 관세 부과 우려(‘26~‘27년)로 구리가 대량' (미국, severity 0.60)"
"CU","2025-11-10","1","관심","92.23060377730842","nan","[CU · 관심(Blue)] 주요 생산국의 정세불안(테러·폭동 등으로 인한 생산차질 및 수출제한 우려) / 국제 핵심광물 시장의 가격 변동성 증가. (산출근거: 수급위기지수 92/100) 관련 이벤트: '미국 관세 부과 우려(‘26~‘27년)로 구리가 대량' (미국, severity 0.60)"
"CU","2025-11-17","1","관심","92.23060377730842","nan","[CU · 관심(Blue)] 주요 생산국의 정세불안(테러·폭동 등으로 인한 생산차질 및 수출제한 우려) / 국제 핵심광물 시장의 가격 변동성 증가. (산출근거: 수급위기지수 92/100) 관련 이벤트: '미국 관세 부과 우려(‘26~‘27년)로 구리가 대량' (미국, severity 0.60)"
"CU","2025-11-24","1","관심","92.23060377730842","nan","[CU · 관심(Blue)] 주요 생산국의 정세불안(테러·폭동 등으로 인한 생산차질 및 수출제한 우려) / 국제 핵심광물 시장의 가격 변동성 증가. (산출근거: 수급위기지수 92/100) 관련 이벤트: '미국 관세 부과 우려(‘26~‘27년)로 구리가 대량' (미국, severity 0.60)"
"CU","2025-12-01","3","경계","97.19263375208244","nan","[CU · 경계(Orange)] 주요 생산국의 정세불안 심화(전쟁발발, 주요시설 파괴, 추가 수출제한 등) / 국제 핵심광물 시장의 가격 변동성 급증 및 핵심광물 조달 일부 차질. (산출근거: 수급위기지수 97/100) 관련 이벤트: '- (대량 재고 인출) Mercuria Energy Group社는 미국 구리 관세 부과 가능성(’27년 단계적' (미국, severity 0.60)"
"CU","2025-12-08","3","경계","97.19263375208244","nan","[CU · 경계(Orange)] 주요 생산국의 정세불안 심화(전쟁발발, 주요시설 파괴, 추가 수출제한 등) / 국제 핵심광물 시장의 가격 변동성 급증 및 핵심광물 조달 일부 차질. (산출근거: 수급위기지수 97/100) 관련 이벤트: '- (대량 재고 인출) Mercuria Energy Group社는 미국 구리 관세 부과 가능성(’27년 단계적' (미국, severity 0.60)"
"CU","2025-12-15","3","경계","97.19263375208244","nan","[CU · 경계(Orange)] 주요 생산국의 정세불안 심화(전쟁발발, 주요시설 파괴, 추가 수출제한 등) / 국제 핵심광물 시장의 가격 변동성 급증 및 핵심광물 조달 일부 차질. (산출근거: 수급위기지수 97/100) 관련 이벤트: '- (대량 재고 인출) Mercuria Energy Group社는 미국 구리 관세 부과 가능성(’27년 단계적' (미국, severity 0.60)"
"CU","2025-12-22","3","경계","97.19263375208244","nan","[CU · 경계(Orange)] 주요 생산국의 정세불안 심화(전쟁발발, 주요시설 파괴, 추가 수출제한 등) / 국제 핵심광물 시장의 가격 변동성 급증 및 핵심광물 조달 일부 차질. (산출근거: 수급위기지수 97/100) 관련 이벤트: '- (대량 재고 인출) Mercuria Energy Group社는 미국 구리 관세 부과 가능성(’27년 단계적' (미국, severity 0.60)"
"CU","2025-12-29","3","경계","97.19263375208244","nan","[CU · 경계(Orange)] 주요 생산국의 정세불안 심화(전쟁발발, 주요시설 파괴, 추가 수출제한 등) / 국제 핵심광물 시장의 가격 변동성 급증 및 핵심광물 조달 일부 차질. (산출근거: 수급위기지수 97/100) 관련 이벤트: '- (대량 재고 인출) Mercuria Energy Group社는 미국 구리 관세 부과 가능성(’27년 단계적' (미국, severity 0.60)"
"CU","2026-01-05","4","심각","99.64287413087058","nan","[CU · 심각(Red)] 주요 생산국의 정세 악화(주변국 전쟁 확산, 대규모 생산·수송시설 파괴, 전면적 수출제한 등) / 저장·생산·공급 시설의 대형재난 발생 및 수송경로 전면봉쇄로 인한 장기적 차질. (산출근거: 수급위기지수 100/100) 관련 이벤트: '- (칠레 파업광산 조업 양호) Capstone Copper社는 칠레에서 진행중인 Mantoverde 광산' (칠레, severity 0.70)"
"CU","2026-01-12","4","심각","99.64287413087058","nan","[CU · 심각(Red)] 주요 생산국의 정세 악화(주변국 전쟁 확산, 대규모 생산·수송시설 파괴, 전면적 수출제한 등) / 저장·생산·공급 시설의 대형재난 발생 및 수송경로 전면봉쇄로 인한 장기적 차질. (산출근거: 수급위기지수 100/100) 관련 이벤트: '- (칠레 파업광산 조업 양호) Capstone Copper社는 칠레에서 진행중인 Mantoverde 광산' (칠레, severity 0.70)"
"CU","2026-01-19","4","심각","99.64287413087058","nan","[CU · 심각(Red)] 주요 생산국의 정세 악화(주변국 전쟁 확산, 대규모 생산·수송시설 파괴, 전면적 수출제한 등) / 저장·생산·공급 시설의 대형재난 발생 및 수송경로 전면봉쇄로 인한 장기적 차질. (산출근거: 수급위기지수 100/100) 관련 이벤트: '- (칠레 파업광산 조업 양호) Capstone Copper社는 칠레에서 진행중인 Mantoverde 광산' (칠레, severity 0.70)"
"CU","2026-01-26","4","심각","99.64287413087058","nan","[CU · 심각(Red)] 주요 생산국의 정세 악화(주변국 전쟁 확산, 대규모 생산·수송시설 파괴, 전면적 수출제한 등) / 저장·생산·공급 시설의 대형재난 발생 및 수송경로 전면봉쇄로 인한 장기적 차질. (산출근거: 수급위기지수 100/100) 관련 이벤트: '- (칠레 파업광산 조업 양호) Capstone Copper社는 칠레에서 진행중인 Mantoverde 광산' (칠레, severity 0.70)"
"CU","2026-02-02","4","심각","98.8513596431046","nan","[CU · 심각(Red)] 저장·생산·공급 시설의 대형재난 발생 및 수송경로 전면봉쇄로 인한 장기적 차질 / 국제 핵심광물 시장의 가격 변동성 급증 및 핵심광물 조달 전면 차질. (산출근거: 수급위기지수 99/100) 관련 이벤트: '- (파업 종료) 캐나다 광산업체 Capstone Copper社의 칠레 Mantoverde광산에서의 한달간' (칠레, severity 0.70)"
"CU","2026-02-09","4","심각","98.8513596431046","nan","[CU · 심각(Red)] 저장·생산·공급 시설의 대형재난 발생 및 수송경로 전면봉쇄로 인한 장기적 차질 / 국제 핵심광물 시장의 가격 변동성 급증 및 핵심광물 조달 전면 차질. (산출근거: 수급위기지수 99/100) 관련 이벤트: '- (파업 종료) 캐나다 광산업체 Capstone Copper社의 칠레 Mantoverde광산에서의 한달간' (칠레, severity 0.70)"
"CU","2026-02-16","4","심각","98.8513596431046","nan","[CU · 심각(Red)] 저장·생산·공급 시설의 대형재난 발생 및 수송경로 전면봉쇄로 인한 장기적 차질 / 국제 핵심광물 시장의 가격 변동성 급증 및 핵심광물 조달 전면 차질. (산출근거: 수급위기지수 99/100) 관련 이벤트: '- (파업 종료) 캐나다 광산업체 Capstone Copper社의 칠레 Mantoverde광산에서의 한달간' (칠레, severity 0.70)"
"CU","2026-02-23","4","심각","98.8513596431046","nan","[CU · 심각(Red)] 저장·생산·공급 시설의 대형재난 발생 및 수송경로 전면봉쇄로 인한 장기적 차질 / 국제 핵심광물 시장의 가격 변동성 급증 및 핵심광물 조달 전면 차질. (산출근거: 수급위기지수 99/100) 관련 이벤트: '- (파업 종료) 캐나다 광산업체 Capstone Copper社의 칠레 Mantoverde광산에서의 한달간' (칠레, severity 0.70)"
